1472x3000, , ,
1,1,5.060,onAttack
1,2,2.099,onAttack
1,3,2.105,onAttack
1,4,3.159,onAttack
1,5,3.064,onAttack
1,6,2.109,onAttack
1,7,16.931,onAttack
1,8,3.231,onAttack
1,9,10.068,onAttack
1,10,3.375,onAttack
1,11,4.964,onAttack
1,12,3.373,onAttack
1,13,4.987,onAttack
1,14,3.081,onAttack
1,15,2.192,onAttack
1,16,13.994,onAttack
1,17,2.106,onAttack
1,18,2.175,onAttack
1,19,4.805,onAttack
1,20,3.142,onAttack
1,21,2.309,onAttack
1,22,26.265,onAttack
1,23,5.200,onAttack
1,24,2.100,onAttack
1,25,3.867,onAttack
1,26,3.911,onAttack
1,27,5.248,onAttack
1,28,2.189,onAttack
1,29,2.207,onAttack
1,30,3.123,onAttack
1,31,3.140,onAttack
1,32,4.375,onAttack
1,33,2.396,onAttack
1,34,1.888,onAttack
1,35,4.770,onAttack
1,36,8.862,onAttack
1,37,4.038,onAttack
1,38,3.064,onAttack
1,39,2.100,onAttack
1,40,2.132,onAttack
1,41,4.330,onAttack
1,42,19.806,onAttack
1,43,5.077,onAttack
1,44,2.105,onAttack
1,45,1.864,onAttack
1,46,3.785,onAttack
1,47,2.392,onAttack
1,48,2.213,onAttack
1,49,2.015,onAttack
1,50,2.338,onAttack
1,51,5.798,onAttack
1,52,2.169,onAttack
1,53,2.183,onAttack
1,54,4.756,onAttack
1,55,1.007,onAttack
1,56,5.897,onAttack
1,57,2.227,onAttack
1,58,5.157,onAttack
1,59,3.154,onAttack
1,60,3.008,onAttack
1,61,2.172,onAttack
1,62,9.735,onAttack
1,63,7.959,onAttack
1,64,3.099,onAttack
1,65,2.001,onAttack
1,66,4.168,onAttack
1,67,3.053,onAttack
1,68,2.084,onAttack
1,69,3.060,onAttack
1,70,3.066,onAttack
1,71,3.006,onAttack
1,72,3.201,onAttack
1,73,2.080,onAttack
1,74,2.364,onAttack
1,75,5.072,onAttack
1,76,2.189,onAttack
1,77,3.056,onAttack
1,78,3.067,onAttack
1,79,2.281,onAttack
1,80,2.139,onAttack
1,81,4.822,onAttack
1,82,4.377,onAttack
1,83,3.169,onAttack
1,84,5.741,onAttack
1,85,2.097,onAttack
1,86,2.261,onAttack
1,87,10.037,onAttack
1,88,2.382,onAttack
1,89,5.020,onAttack
1,90,5.232,onAttack
1,91,3.769,onAttack
1,92,2.102,onAttack
1,93,5.263,onAttack
1,94,2.365,onAttack
1,95,3.143,onAttack
1,96,2.058,onAttack
1,97,6.210,onAttack
1,98,3.077,onAttack
1,99,3.087,onAttack
1,100,2.258,onAttack
1,101,3.220,onAttack
1,102,3.118,onAttack
1,103,3.079,onAttack
1,104,2.166,onAttack
1,105,2.097,onAttack
1,106,3.066,onAttack
1,107,5.130,onAttack
1,108,3.154,onAttack
1,109,2.102,onAttack
1,110,2.175,onAttack
1,111,1.564,onAttack
1,112,2.193,onAttack
1,113,2.316,onAttack
1,114,3.147,onAttack
1,115,5.208,onAttack
1,116,4.829,onAttack
1,117,1.863,onAttack
1,118,3.066,onAttack
1,119,3.069,onAttack
1,120,5.142,onAttack
1,121,5.010,onAttack
1,122,5.211,onAttack
1,123,3.153,onAttack
1,124,1.868,onAttack
1,125,3.812,onAttack
1,126,2.223,onAttack
1,127,4.215,onAttack
1,128,5.129,onAttack
1,129,2.358,onAttack
1,130,4.198,onAttack
1,131,3.126,onAttack
1,132,4.984,onAttack
1,133,3.093,onAttack
1,134,3.094,onAttack
1,135,3.078,onAttack
1,136,2.284,onAttack
1,137,2.188,onAttack
1,138,7.204,onAttack
1,139,2.983,onAttack
1,140,3.059,onAttack
1,141,3.065,onAttack
1,142,5.222,onAttack
1,143,4.772,onAttack
1,144,3.076,onAttack
1,145,2.236,onAttack
1,146,4.995,onAttack
1,147,2.097,onAttack
1,148,5.272,onAttack
1,149,3.326,onAttack
1,150,2.370,onAttack
1,151,2.104,onAttack
1,152,2.081,onAttack
1,153,2.095,onAttack
1,154,4.773,onAttack
1,155,4.776,onAttack
1,156,4.774,onAttack
1,157,5.089,onAttack
1,158,4.037,onAttack
1,159,3.161,onAttack
1,160,1.582,onAttack
1,161,5.834,onAttack
1,162,3.770,onAttack
1,163,2.133,onAttack
1,164,5.022,onAttack
1,165,8.012,onAttack
1,166,3.098,onAttack
1,167,3.178,onAttack
1,168,4.100,onAttack
1,169,5.094,onAttack
1,170,2.315,onAttack
1,171,3.052,onAttack
1,172,2.091,onAttack
1,173,3.082,onAttack
1,174,5.091,onAttack
1,175,0.965,onAttack
1,176,3.049,onAttack
1,177,4.350,onAttack
1,178,4.154,onAttack
1,179,8.198,onAttack
1,180,2.110,onAttack
1,181,2.095,onAttack
1,182,4.231,onAttack
1,183,5.332,onAttack
1,184,3.058,onAttack
1,185,2.117,onAttack
1,186,5.898,onAttack
1,187,2.091,onAttack
1,188,2.318,onAttack
1,189,2.259,onAttack
1,190,2.094,onAttack
1,191,3.174,onAttack
1,192,3.221,onAttack
1,193,3.060,onAttack
1,194,4.263,onAttack
1,195,2.245,onAttack
1,196,4.963,onAttack
1,197,2.231,onAttack
1,198,3.040,onAttack
1,199,3.076,onAttack
1,200,2.106,onAttack
2,1,4.040,onAttack
2,2,4.199,onAttack
2,3,4.223,onAttack
2,4,20.275,onAttack
2,5,7.212,onAttack
2,6,4.287,onAttack
2,7,4.035,onAttack
2,8,4.068,onAttack
2,9,3.927,onAttack
2,10,3.927,onAttack
2,11,6.765,onAttack
2,12,6.198,onAttack
2,13,5.286,onAttack
2,14,6.108,onAttack
2,15,4.258,onAttack
2,16,4.285,onAttack
2,17,4.020,onAttack
2,18,4.738,onAttack
2,19,4.240,onAttack
2,20,4.569,onAttack
2,21,4.240,onAttack
2,22,4.321,onAttack
2,23,7.768,onAttack
2,24,10.156,onAttack
2,25,7.970,onAttack
2,26,18.887,onAttack
2,27,9.254,onAttack
2,28,5.080,onAttack
2,29,4.272,onAttack
2,30,7.349,onAttack
2,31,3.927,onAttack
2,32,5.324,onAttack
2,33,4.154,onAttack
2,34,4.182,onAttack
2,35,6.048,onAttack
2,36,12.387,onAttack
2,37,9.962,onAttack
2,38,6.104,onAttack
2,39,4.262,onAttack
2,40,3.928,onAttack
2,41,8.785,onAttack
2,42,6.220,onAttack
2,43,34.921,onAttack
2,44,4.924,onAttack
2,45,4.133,onAttack
2,46,3.943,onAttack
2,47,6.048,onAttack
2,48,4.858,onAttack
2,49,5.973,onAttack
2,50,10.006,onAttack
2,51,8.260,onAttack
2,52,6.185,onAttack
2,53,4.075,onAttack
2,54,4.258,onAttack
2,55,6.005,onAttack
2,56,7.155,onAttack
2,57,6.880,onAttack
2,58,5.999,onAttack
2,59,5.947,onAttack
2,60,6.224,onAttack
2,61,6.192,onAttack
2,62,7.784,onAttack
2,63,4.912,onAttack
2,64,10.053,onAttack
2,65,5.904,onAttack
2,66,4.340,onAttack
2,67,6.246,onAttack
2,68,16.245,onAttack
2,69,5.365,onAttack
2,70,4.267,onAttack
2,71,4.108,onAttack
2,72,6.262,onAttack
2,73,10.794,onAttack
2,74,4.107,onAttack
2,75,14.385,onAttack
2,76,6.215,onAttack
2,77,4.380,onAttack
2,78,4.857,onAttack
2,79,4.328,onAttack
2,80,6.240,onAttack
2,81,14.289,onAttack
2,82,6.097,onAttack
2,83,4.344,onAttack
2,84,4.374,onAttack
2,85,4.114,onAttack
2,86,4.000,onAttack
2,87,5.930,onAttack
2,88,4.253,onAttack
2,89,6.130,onAttack
2,90,4.359,onAttack
2,91,10.923,onAttack
2,92,4.073,onAttack
2,93,5.133,onAttack
2,94,4.795,onAttack
2,95,5.300,onAttack
2,96,8.030,onAttack
2,97,5.267,onAttack
2,98,4.219,onAttack
2,99,5.181,onAttack
2,100,10.292,onAttack
2,101,4.402,onAttack
2,102,6.282,onAttack
2,103,4.310,onAttack
2,104,3.921,onAttack
2,105,3.969,onAttack
2,106,5.108,onAttack
2,107,7.157,onAttack
2,108,10.745,onAttack
2,109,4.259,onAttack
2,110,6.171,onAttack
2,111,4.297,onAttack
2,112,7.331,onAttack
2,113,4.089,onAttack
2,114,3.934,onAttack
2,115,4.271,onAttack
2,116,5.994,onAttack
2,117,4.804,onAttack
2,118,4.362,onAttack
2,119,4.068,onAttack
2,120,6.137,onAttack
2,121,4.092,onAttack
2,122,4.890,onAttack
2,123,5.138,onAttack
2,124,7.828,onAttack
2,125,4.014,onAttack
2,126,4.268,onAttack
2,127,10.933,onAttack
2,128,4.164,onAttack
2,129,4.969,onAttack
2,130,4.330,onAttack
2,131,5.497,onAttack
2,132,4.310,onAttack
2,133,4.287,onAttack
2,134,6.806,onAttack
2,135,5.251,onAttack
2,136,11.783,onAttack
2,137,6.071,onAttack
2,138,6.907,onAttack
2,139,4.065,onAttack
2,140,4.168,onAttack
2,141,4.154,onAttack
2,142,4.190,onAttack
2,143,3.983,onAttack
2,144,4.341,onAttack
2,145,7.302,onAttack
2,146,5.375,onAttack
2,147,6.233,onAttack
2,148,3.919,onAttack
2,149,6.193,onAttack
2,150,6.127,onAttack
2,151,4.830,onAttack
2,152,3.975,onAttack
2,153,4.290,onAttack
2,154,5.268,onAttack
2,155,7.926,onAttack
2,156,4.398,onAttack
2,157,6.366,onAttack
2,158,29.347,onAttack
2,159,6.235,onAttack
2,160,20.134,onAttack
2,161,3.908,onAttack
2,162,4.281,onAttack
2,163,5.275,onAttack
2,164,3.927,onAttack
2,165,6.021,onAttack
2,166,4.248,onAttack
2,167,6.126,onAttack
2,168,5.142,onAttack
2,169,5.768,onAttack
2,170,4.227,onAttack
2,171,3.961,onAttack
2,172,4.281,onAttack
2,173,4.876,onAttack
2,174,4.930,onAttack
2,175,6.028,onAttack
2,176,5.880,onAttack
2,177,4.279,onAttack
2,178,9.025,onAttack
2,179,4.330,onAttack
2,180,4.045,onAttack
2,181,5.097,onAttack
2,182,9.786,onAttack
2,183,3.944,onAttack
2,184,5.239,onAttack
2,185,8.264,onAttack
2,186,4.124,onAttack
2,187,4.893,onAttack
2,188,4.272,onAttack
2,189,6.826,onAttack
2,190,5.320,onAttack
2,191,5.938,onAttack
2,192,3.952,onAttack
2,193,4.115,onAttack
2,194,5.043,onAttack
2,195,4.364,onAttack
2,196,5.311,onAttack
2,197,3.987,onAttack
2,198,4.412,onAttack
2,199,6.905,onAttack
2,200,4.316,onAttack
3,1,5.947,onAttack
3,2,6.015,onAttack
3,3,6.298,onAttack
3,4,7.203,onAttack
3,5,6.242,onAttack
3,6,10.216,onAttack
3,7,5.166,onAttack
3,8,6.347,onAttack
3,9,12.135,onAttack
3,10,5.281,onAttack
3,11,5.874,onAttack
3,12,5.301,onAttack
3,13,7.224,onAttack
3,14,5.244,onAttack
3,15,7.186,onAttack
3,16,5.111,onAttack
3,17,5.756,onAttack
3,18,5.438,onAttack
3,19,5.880,onAttack
3,20,5.228,onAttack
3,21,5.138,onAttack
3,22,5.110,onAttack
3,23,5.142,onAttack
3,24,5.371,onAttack
3,25,5.137,onAttack
3,26,5.392,onAttack
3,27,5.841,onAttack
3,28,5.366,onAttack
3,29,6.368,onAttack
3,30,5.164,onAttack
3,31,5.965,onAttack
3,32,5.804,onAttack
3,33,5.943,onAttack
3,34,6.375,onAttack
3,35,5.385,onAttack
3,36,5.855,onAttack
3,37,7.298,onAttack
3,38,35.327,onAttack
3,39,9.285,onAttack
3,40,5.270,onAttack
3,41,5.902,onAttack
3,42,8.898,onAttack
3,43,21.270,onAttack
3,44,5.233,onAttack
3,45,8.199,onAttack
3,46,5.874,onAttack
3,47,5.137,onAttack
3,48,6.336,onAttack
3,49,18.056,onAttack
3,50,5.942,onAttack
3,51,7.224,onAttack
3,52,5.253,onAttack
3,53,6.002,onAttack
3,54,5.156,onAttack
3,55,5.327,onAttack
3,56,8.209,onAttack
3,57,5.185,onAttack
3,58,5.471,onAttack
3,59,5.566,onAttack
3,60,7.371,onAttack
3,61,8.154,onAttack
3,62,5.842,onAttack
3,63,9.190,onAttack
3,64,7.355,onAttack
3,65,5.934,onAttack
3,66,5.073,onAttack
3,67,5.228,onAttack
3,68,6.187,onAttack
3,69,5.796,onAttack
3,70,8.834,onAttack
3,71,5.099,onAttack
3,72,6.003,onAttack
3,73,6.465,onAttack
3,74,6.243,onAttack
3,75,6.074,onAttack
3,76,5.242,onAttack
3,77,5.255,onAttack
3,78,7.126,onAttack
3,79,5.244,onAttack
3,80,5.970,onAttack
3,81,5.230,onAttack
3,82,5.885,onAttack
3,83,6.893,onAttack
3,84,7.261,onAttack
3,85,6.765,onAttack
3,86,5.233,onAttack
3,87,6.274,onAttack
3,88,5.721,onAttack
3,89,5.807,onAttack
3,90,5.235,onAttack
3,91,5.949,onAttack
3,92,10.759,onAttack
3,93,7.984,onAttack
3,94,5.327,onAttack
3,95,6.168,onAttack
3,96,5.753,onAttack
3,97,17.145,onAttack
3,98,5.955,onAttack
3,99,5.332,onAttack
3,100,6.048,onAttack
3,101,5.894,onAttack
3,102,10.796,onAttack
3,103,5.827,onAttack
3,104,7.203,onAttack
3,105,6.173,onAttack
3,106,5.137,onAttack
3,107,5.947,onAttack
3,108,5.263,onAttack
3,109,6.037,onAttack
3,110,8.902,onAttack
3,111,6.133,onAttack
3,112,9.045,onAttack
3,113,12.349,onAttack
3,114,5.850,onAttack
3,115,8.345,onAttack
3,116,5.388,onAttack
3,117,6.051,onAttack
3,118,6.890,onAttack
3,119,7.063,onAttack
3,120,7.254,onAttack
3,121,11.032,onAttack
3,122,9.935,onAttack
3,123,6.159,onAttack
3,124,7.729,onAttack
3,125,6.297,onAttack
3,126,5.897,onAttack
3,127,5.920,onAttack
3,128,5.113,onAttack
3,129,6.015,onAttack
3,130,5.098,onAttack
3,131,5.340,onAttack
3,132,6.057,onAttack
3,133,5.795,onAttack
3,134,5.901,onAttack
3,135,5.956,onAttack
3,136,6.071,onAttack
3,137,6.179,onAttack
3,138,5.184,onAttack
3,139,7.208,onAttack
3,140,6.037,onAttack
3,141,5.803,onAttack
3,142,5.961,onAttack
3,143,5.925,onAttack
3,144,17.328,onAttack
3,145,5.364,onAttack
3,146,7.312,onAttack
3,147,37.905,onAttack
3,148,5.237,onAttack
3,149,5.107,onAttack
3,150,8.228,onAttack
3,151,7.781,onAttack
3,152,5.796,onAttack
3,153,5.775,onAttack
3,154,6.203,onAttack
3,155,5.779,onAttack
3,156,5.722,onAttack
3,157,6.170,onAttack
3,158,6.835,onAttack
3,159,5.286,onAttack
3,160,12.952,onAttack
3,161,8.086,onAttack
3,162,9.575,onAttack
3,163,5.382,onAttack
3,164,5.717,onAttack
3,165,5.889,onAttack
3,166,9.789,onAttack
3,167,5.789,onAttack
3,168,10.144,onAttack
3,169,7.134,onAttack
3,170,5.315,onAttack
3,171,5.825,onAttack
3,172,7.913,onAttack
3,173,12.220,onAttack
3,174,5.305,onAttack
3,175,5.841,onAttack
3,176,5.481,onAttack
3,177,6.222,onAttack
3,178,9.236,onAttack
3,179,5.147,onAttack
3,180,5.257,onAttack
3,181,6.191,onAttack
3,182,5.880,onAttack
3,183,5.253,onAttack
3,184,5.266,onAttack
3,185,37.851,onAttack
3,186,5.839,onAttack
3,187,38.394,onAttack
3,188,5.857,onAttack
3,189,5.187,onAttack
3,190,13.955,onAttack
3,191,6.045,onAttack
3,192,10.273,onAttack
3,193,5.132,onAttack
3,194,12.791,onAttack
3,195,11.818,onAttack
3,196,5.260,onAttack
3,197,5.126,onAttack
3,198,9.872,onAttack
3,199,7.273,onAttack
3,200,5.977,onAttack
4,1,7.064,onAttack
4,2,7.886,onAttack
4,3,16.107,onAttack
4,4,6.409,onAttack
4,5,18.998,onAttack
4,6,rpc error: code = Unavailable desc = connection error: desc = "transport: Error while dialing dial tcp 192.168.15.32:50051: i/o timeout"
panic: runtime error: invalid memory address or nil pointer dereference
[signal SIGSEGV: segmentation violation code=0x1 addr=0x24 pc=0x37d2d8]

goroutine 1 [running]:
main.Upload({0x0, 0x0})
	/home/pi1/go/src/gRPC-data-stream-client/client/main.go:61 +0x15c
main.main()
	/home/pi1/go/src/gRPC-data-stream-client/client/main.go:32 +0x25c
20.050,onAttack
4,7,24.792,onAttack
4,8,7.298,onAttack
4,9,10.873,onAttack
4,10,6.991,onAttack
4,11,8.346,onAttack
4,12,8.894,onAttack
4,13,11.906,onAttack
4,14,9.054,onAttack
4,15,41.284,onAttack
4,16,7.126,onAttack
4,17,7.254,onAttack
4,18,7.081,onAttack
4,19,7.006,onAttack
4,20,10.879,onAttack
4,21,7.220,onAttack
4,22,13.145,onAttack
4,23,10.025,onAttack
4,24,11.088,onAttack
4,25,7.053,onAttack
4,26,30.891,onAttack
4,27,7.122,onAttack
4,28,7.188,onAttack
4,29,10.330,onAttack
4,30,6.417,onAttack
4,31,8.089,onAttack
4,32,6.381,onAttack
4,33,8.385,onAttack
4,34,6.778,onAttack
4,35,24.155,onAttack
4,36,6.869,onAttack
4,37,45.338,onAttack
4,38,14.789,onAttack
4,39,7.983,onAttack
4,40,22.129,onAttack
4,41,9.211,onAttack
4,42,8.774,onAttack
4,43,7.950,onAttack
4,44,26.975,onAttack
4,45,7.865,onAttack
4,46,8.836,onAttack
4,47,7.151,onAttack
4,48,6.898,onAttack
4,49,8.273,onAttack
4,50,6.766,onAttack
4,51,7.033,onAttack
4,52,7.119,onAttack
4,53,9.070,onAttack
4,54,6.878,onAttack
4,55,8.901,onAttack
4,56,7.190,onAttack
4,57,11.765,onAttack
4,58,9.926,onAttack
4,59,7.064,onAttack
4,60,7.219,onAttack
4,61,8.257,onAttack
4,62,7.122,onAttack
4,63,14.229,onAttack
4,64,7.389,onAttack
4,65,12.894,onAttack
4,66,9.160,onAttack
4,67,11.120,onAttack
4,68,8.144,onAttack
4,69,7.065,onAttack
4,70,7.117,onAttack
4,71,7.864,onAttack
4,72,6.282,onAttack
4,73,7.771,onAttack
4,74,8.151,onAttack
4,75,9.216,onAttack
4,76,8.925,onAttack
4,77,7.714,onAttack
4,78,40.083,onAttack
4,79,24.044,onAttack
4,80,6.900,onAttack
4,81,8.230,onAttack
4,82,9.288,onAttack
4,83,6.339,onAttack
4,84,8.370,onAttack
4,85,7.182,onAttack
4,86,12.798,onAttack
4,87,7.065,onAttack
4,88,6.331,onAttack
4,89,8.281,onAttack
4,90,8.801,onAttack
4,91,6.909,onAttack
4,92,15.327,onAttack
4,93,13.859,onAttack
4,94,7.014,onAttack
4,95,13.091,onAttack
4,96,7.086,onAttack
4,97,7.055,onAttack
4,98,6.941,onAttack
4,99,6.998,onAttack
4,100,7.074,onAttack
4,101,11.805,onAttack
4,102,8.192,onAttack
4,103,36.025,onAttack
4,104,7.393,onAttack
4,105,20.915,onAttack
4,106,6.912,onAttack
4,107,7.175,onAttack
4,108,8.959,onAttack
4,109,7.296,onAttack
4,110,7.299,onAttack
4,111,6.812,onAttack
4,112,7.076,onAttack
4,113,7.913,onAttack
4,114,8.158,onAttack
4,115,10.962,onAttack
4,116,8.308,onAttack
4,117,8.694,onAttack
4,118,14.257,onAttack
4,119,7.039,onAttack
4,120,8.590,onAttack
4,121,6.395,onAttack
4,122,6.891,onAttack
4,123,7.146,onAttack
4,124,7.193,onAttack
4,125,17.194,onAttack
4,126,6.827,onAttack
4,127,8.238,onAttack
4,128,6.625,onAttack
4,129,14.034,onAttack
4,130,7.133,onAttack
4,131,13.139,onAttack
4,132,8.382,onAttack
4,133,6.923,onAttack
4,134,7.113,onAttack
4,135,12.062,onAttack
4,136,6.382,onAttack
4,137,14.219,onAttack
4,138,8.092,onAttack
4,139,9.188,onAttack
4,140,7.053,onAttack
4,141,6.328,onAttack
4,142,6.264,onAttack
4,143,8.351,onAttack
4,144,10.890,onAttack
4,145,8.907,onAttack
4,146,8.212,onAttack
4,147,8.145,onAttack
4,148,6.966,onAttack
4,149,7.833,onAttack
4,150,7.040,onAttack
4,151,8.993,onAttack
4,152,24.446,onAttack
4,153,7.114,onAttack
4,154,7.027,onAttack
4,155,6.784,onAttack
4,156,7.067,onAttack
4,157,7.760,onAttack
4,158,7.928,onAttack
4,159,15.949,onAttack
4,160,6.874,onAttack
4,161,8.938,onAttack
4,162,7.557,onAttack
4,163,8.805,onAttack
4,164,7.322,onAttack
4,165,19.982,onAttack
4,166,7.047,onAttack
4,167,7.152,onAttack
4,168,6.535,onAttack
4,169,9.081,onAttack
4,170,7.279,onAttack
4,171,10.154,onAttack
4,172,6.337,onAttack
4,173,8.763,onAttack
4,174,7.164,onAttack
4,175,8.915,onAttack
4,176,6.786,onAttack
4,177,6.994,onAttack
4,178,7.831,onAttack
4,179,7.399,onAttack
4,180,7.005,onAttack
4,181,21.279,onAttack
4,182,7.215,onAttack
4,183,7.130,onAttack
4,184,8.313,onAttack
4,185,8.113,onAttack
4,186,7.839,onAttack
4,187,8.270,onAttack
4,188,10.158,onAttack
4,189,8.017,onAttack
4,190,14.177,onAttack
4,191,6.916,onAttack
4,192,7.052,onAttack
4,193,8.878,onAttack
4,194,6.330,onAttack
4,195,9.368,onAttack
4,196,13.966,onAttack
4,197,8.340,onAttack
4,198,6.846,onAttack
4,199,9.265,onAttack
4,200,7.897,onAttack
5,1,8.287,onAttack
5,2,9.228,onAttack
5,3,8.208,onAttack
5,4,11.214,onAttack
5,5,11.938,onAttack
5,6,9.000,onAttack
5,7,10.115,onAttack
5,8,8.369,onAttack
5,9,8.107,onAttack
5,10,10.803,onAttack
5,11,10.100,onAttack
5,12,10.224,onAttack
5,13,10.091,onAttack
5,14,8.836,onAttack
5,15,9.930,onAttack
5,16,11.012,onAttack
5,17,10.111,onAttack
5,18,8.012,onAttack
5,19,10.316,onAttack
5,20,11.206,onAttack
5,21,9.896,onAttack
5,22,8.961,onAttack
5,23,9.906,onAttack
5,24,55.175,onAttack
5,25,10.294,onAttack
5,26,10.784,onAttack
5,27,9.823,onAttack
5,28,8.220,onAttack
5,29,10.090,onAttack
5,30,8.347,onAttack
5,31,8.083,onAttack
5,32,14.785,onAttack
5,33,7.848,onAttack
5,34,8.163,onAttack
5,35,9.081,onAttack
5,36,8.360,onAttack
5,37,10.027,onAttack
5,38,23.092,onAttack
5,39,13.102,onAttack
5,40,8.495,onAttack
5,41,7.937,onAttack
5,42,8.357,onAttack
5,43,7.956,onAttack
5,44,8.846,onAttack
5,45,9.227,onAttack
5,46,9.961,onAttack
5,47,10.245,onAttack
5,48,9.081,onAttack
5,49,9.353,onAttack
5,50,8.139,onAttack
5,51,8.084,onAttack
5,52,8.263,onAttack
5,53,11.398,onAttack
5,54,15.295,onAttack
5,55,8.126,onAttack
5,56,20.313,onAttack
5,57,8.312,onAttack
5,58,8.770,onAttack
5,59,8.947,onAttack
5,60,11.794,onAttack
5,61,8.378,onAttack
5,62,8.942,onAttack
5,63,7.919,onAttack
5,64,8.863,onAttack
5,65,8.955,onAttack
5,66,7.943,onAttack
5,67,7.808,onAttack
5,68,8.400,onAttack
5,69,8.117,onAttack
5,70,9.158,onAttack
5,71,8.093,onAttack
5,72,8.279,onAttack
5,73,8.834,onAttack
5,74,8.276,onAttack
5,75,8.286,onAttack
5,76,8.103,onAttack
5,77,9.286,onAttack
5,78,10.246,onAttack
5,79,8.921,onAttack
5,80,8.134,onAttack
5,81,7.829,onAttack
5,82,11.322,onAttack
5,83,9.078,onAttack
5,84,16.193,onAttack
5,85,10.961,onAttack
5,86,13.919,onAttack
5,87,10.330,onAttack
5,88,17.094,onAttack
5,89,9.947,onAttack
5,90,8.891,onAttack
5,91,7.999,onAttack
5,92,16.748,onAttack
5,93,8.327,onAttack
5,94,8.731,onAttack
5,95,25.196,onAttack
5,96,8.237,onAttack
5,97,9.830,onAttack
5,98,15.246,onAttack
5,99,8.342,onAttack
5,100,10.169,onAttack
5,101,17.228,onAttack
5,102,13.078,onAttack
5,103,11.830,onAttack
5,104,14.053,onAttack
5,105,9.353,onAttack
5,106,17.296,onAttack
5,107,8.806,onAttack
5,108,8.840,onAttack
5,109,8.875,onAttack
5,110,11.933,onAttack
5,111,8.697,onAttack
5,112,8.116,onAttack
5,113,9.927,onAttack
5,114,9.273,onAttack
5,115,10.283,onAttack
5,116,9.240,onAttack
5,117,11.303,onAttack
5,118,8.038,onAttack
5,119,8.009,onAttack
5,120,8.169,onAttack
5,121,9.137,onAttack
5,122,8.164,onAttack
5,123,8.102,onAttack
5,124,8.287,onAttack
5,125,8.035,onAttack
5,126,8.230,onAttack
5,127,9.978,onAttack
5,128,8.264,onAttack
5,129,11.355,onAttack
5,130,8.914,onAttack
5,131,9.091,onAttack
5,132,10.367,onAttack
5,133,11.029,onAttack
5,134,9.903,onAttack
5,135,8.170,onAttack
5,136,10.035,onAttack
5,137,10.173,onAttack
5,138,10.114,onAttack
5,139,8.120,onAttack
5,140,7.910,onAttack
5,141,13.479,onAttack
5,142,8.751,onAttack
5,143,7.891,onAttack
5,144,11.064,onAttack
5,145,9.203,onAttack
5,146,10.122,onAttack
5,147,8.314,onAttack
5,148,10.312,onAttack
5,149,8.309,onAttack
5,150,8.814,onAttack
5,151,11.020,onAttack
5,152,9.100,onAttack
5,153,8.789,onAttack
5,154,8.168,onAttack
5,155,9.887,onAttack
5,156,9.820,onAttack
5,157,8.297,onAttack
5,158,12.974,onAttack
5,159,22.266,onAttack
5,160,8.127,onAttack
5,161,9.030,onAttack
5,162,8.245,onAttack
5,163,9.075,onAttack
5,164,8.251,onAttack
5,165,8.101,onAttack
5,166,10.188,onAttack
5,167,7.941,onAttack
5,168,10.278,onAttack
5,169,8.823,onAttack
5,170,9.241,onAttack
5,171,8.325,onAttack
5,172,8.365,onAttack
5,173,14.215,onAttack
5,174,9.842,onAttack
5,175,9.376,onAttack
5,176,12.034,onAttack
5,177,7.844,onAttack
5,178,8.134,onAttack
5,179,10.983,onAttack
5,180,7.934,onAttack
5,181,11.925,onAttack
5,182,8.935,onAttack
5,183,14.908,onAttack
5,184,8.074,onAttack
5,185,10.013,onAttack
5,186,10.188,onAttack
5,187,10.037,onAttack
5,188,9.106,onAttack
5,189,8.079,onAttack
5,190,8.286,onAttack
5,191,7.966,onAttack
5,192,9.192,onAttack
5,193,9.696,onAttack
5,194,9.045,onAttack
5,195,8.331,onAttack
5,196,24.215,onAttack
5,197,8.049,onAttack
5,198,21.882,onAttack
5,199,8.356,onAttack
5,200,7.971,onAttack
6,1,9.370,onAttack
6,2,10.856,onAttack
6,3,11.182,onAttack
6,4,9.842,onAttack
6,5,10.795,onAttack
6,6,9.266,onAttack
6,7,26.142,onAttack
6,8,10.842,onAttack
6,9,9.173,onAttack
6,10,9.108,onAttack
6,11,9.867,onAttack
6,12,10.327,onAttack
6,13,10.026,onAttack
6,14,9.944,onAttack
6,15,9.259,onAttack
6,16,23.311,onAttack
6,17,11.198,onAttack
6,18,10.463,onAttack
6,19,9.912,onAttack
6,20,9.373,onAttack
6,21,10.283,onAttack
6,22,9.935,onAttack
6,23,10.862,onAttack
6,24,11.049,onAttack
6,25,10.157,onAttack
6,26,9.011,onAttack
6,27,9.186,onAttack
6,28,19.989,onAttack
6,29,9.830,onAttack
6,30,9.806,onAttack
6,31,9.798,onAttack
6,32,12.918,onAttack
6,33,9.755,onAttack
6,34,10.107,onAttack
6,35,11.327,onAttack
6,36,10.223,onAttack
6,37,9.879,onAttack
6,38,11.288,onAttack
6,39,10.370,onAttack
6,40,9.249,onAttack
6,41,9.186,onAttack
6,42,9.939,onAttack
6,43,9.404,onAttack
6,44,10.861,onAttack
6,45,9.310,onAttack
6,46,9.948,onAttack
6,47,9.953,onAttack
6,48,9.378,onAttack
6,49,10.128,onAttack
6,50,9.833,onAttack
6,51,10.026,onAttack
6,52,10.933,onAttack
6,53,21.827,onAttack
6,54,10.170,onAttack
6,55,9.291,onAttack
6,56,9.357,onAttack
6,57,12.028,onAttack
6,58,12.261,onAttack
6,59,9.874,onAttack
6,60,9.135,onAttack
6,61,9.216,onAttack
6,62,9.335,onAttack
6,63,9.141,onAttack
6,64,11.220,onAttack
6,65,12.169,onAttack
6,66,11.706,onAttack
6,67,11.190,onAttack
6,68,9.880,onAttack
6,69,9.907,onAttack
6,70,13.669,onAttack
6,71,10.351,onAttack
6,72,10.908,onAttack
6,73,9.065,onAttack
6,74,10.198,onAttack
6,75,21.262,onAttack
6,76,10.003,onAttack
6,77,16.083,onAttack
6,78,12.330,onAttack
6,79,11.170,onAttack
6,80,9.303,onAttack
6,81,10.084,onAttack
6,82,11.211,onAttack
6,83,9.106,onAttack
6,84,10.250,onAttack
6,85,10.134,onAttack
6,86,11.795,onAttack
6,87,9.972,onAttack
6,88,17.272,onAttack
6,89,9.135,onAttack
6,90,15.919,onAttack
6,91,9.830,onAttack
6,92,22.225,onAttack
6,93,9.837,onAttack
6,94,10.806,onAttack
6,95,10.357,onAttack
6,96,11.100,onAttack
6,97,10.299,onAttack
6,98,9.293,onAttack
6,99,9.289,onAttack
6,100,9.291,onAttack
6,101,10.028,onAttack
6,102,16.112,onAttack
6,103,11.177,onAttack
6,104,10.551,onAttack
6,105,9.683,onAttack
6,106,16.908,onAttack
6,107,10.189,onAttack
6,108,9.244,onAttack
6,109,9.306,onAttack
6,110,17.230,onAttack
6,111,16.256,onAttack
6,112,11.806,onAttack
6,113,11.123,onAttack
6,114,9.076,onAttack
6,115,11.296,onAttack
6,116,10.240,onAttack
6,117,10.406,onAttack
6,118,11.209,onAttack
6,119,13.884,onAttack
6,120,11.234,onAttack
6,121,11.140,onAttack
6,122,10.110,onAttack
6,123,11.323,onAttack
6,124,10.124,onAttack
6,125,11.796,onAttack
6,126,10.323,onAttack
6,127,9.956,onAttack
6,128,11.297,onAttack
6,129,9.353,onAttack
6,130,9.731,onAttack
6,131,9.168,onAttack
6,132,10.078,onAttack
6,133,9.150,onAttack
6,134,10.071,onAttack
6,135,12.293,onAttack
6,136,9.376,onAttack
6,137,9.404,onAttack
6,138,9.789,onAttack
6,139,11.181,onAttack
6,140,13.373,onAttack
6,141,11.144,onAttack
6,142,25.447,onAttack
6,143,11.255,onAttack
6,144,9.172,onAttack
6,145,11.217,onAttack
6,146,9.827,onAttack
6,147,9.839,onAttack
6,148,16.909,onAttack
6,149,9.909,onAttack
6,150,14.134,onAttack
6,151,12.249,onAttack
6,152,9.150,onAttack
6,153,9.364,onAttack
6,154,11.212,onAttack
6,155,10.360,onAttack
6,156,12.031,onAttack
6,157,9.758,onAttack
6,158,9.529,onAttack
6,159,9.238,onAttack
6,160,9.895,onAttack
6,161,10.854,onAttack
6,162,11.118,onAttack
6,163,10.087,onAttack
6,164,9.736,onAttack
6,165,9.394,onAttack
6,166,9.780,onAttack
6,167,9.344,onAttack
6,168,13.301,onAttack
6,169,10.117,onAttack
6,170,11.953,onAttack
6,171,10.329,onAttack
6,172,9.066,onAttack
6,173,14.292,onAttack
6,174,12.850,onAttack
6,175,9.919,onAttack
6,176,13.094,onAttack
6,177,10.351,onAttack
6,178,13.207,onAttack
6,179,9.094,onAttack
6,180,9.227,onAttack
6,181,9.823,onAttack
6,182,10.243,onAttack
6,183,14.129,onAttack
6,184,43.950,onAttack
6,185,10.136,onAttack
6,186,9.948,onAttack
6,187,10.051,onAttack
6,188,9.898,onAttack
6,189,9.971,onAttack
6,190,9.134,onAttack
6,191,9.122,onAttack
6,192,9.346,onAttack
6,193,11.160,onAttack
6,194,18.141,onAttack
6,195,10.781,onAttack
6,196,9.126,onAttack
6,197,10.275,onAttack
6,198,11.213,onAttack
6,199,9.814,onAttack
6,200,25.053,onAttack
7,1,11.101,onAttack
7,2,10.335,onAttack
7,3,14.787,onAttack
7,4,12.231,onAttack
7,5,12.343,onAttack
7,6,11.135,onAttack
7,7,14.771,onAttack
7,8,13.194,onAttack
7,9,11.038,onAttack
7,10,10.890,onAttack
7,11,14.414,onAttack
7,12,11.005,onAttack
7,13,10.949,onAttack
7,14,11.253,onAttack
7,15,28.261,onAttack
7,16,18.010,onAttack
7,17,11.915,onAttack
7,18,11.233,onAttack
7,19,10.762,onAttack
7,20,10.789,onAttack
7,21,12.918,onAttack
7,22,10.829,onAttack
7,23,26.175,onAttack
7,24,28.878,onAttack
7,25,12.330,onAttack
7,26,15.239,onAttack
7,27,12.022,onAttack
7,28,11.169,onAttack
7,29,17.232,onAttack
7,30,46.300,onAttack
7,31,11.830,onAttack
7,32,13.164,onAttack
7,33,10.862,onAttack
7,34,13.944,onAttack
7,35,13.219,onAttack
7,36,10.299,onAttack
7,37,45.285,onAttack
7,38,14.122,onAttack
7,39,10.861,onAttack
7,40,10.872,onAttack
7,41,12.037,onAttack
7,42,16.763,onAttack
7,43,12.941,onAttack
7,44,10.785,onAttack
7,45,11.000,onAttack
7,46,10.947,onAttack
7,47,17.364,onAttack
7,48,10.203,onAttack
7,49,12.365,onAttack
7,50,12.388,onAttack
7,51,10.302,onAttack
7,52,15.871,onAttack
7,53,11.421,onAttack
7,54,27.149,onAttack
7,55,14.247,onAttack
7,56,10.993,onAttack
7,57,14.710,onAttack
7,58,10.924,onAttack
7,59,11.054,onAttack
7,60,18.197,onAttack
7,61,13.220,onAttack
7,62,10.972,onAttack
7,63,11.808,onAttack
7,64,13.355,onAttack
7,65,10.887,onAttack
7,66,20.379,onAttack
7,67,11.494,onAttack
7,68,11.295,onAttack
7,69,46.991,onAttack
7,70,12.955,onAttack
7,71,11.867,onAttack
7,72,14.904,onAttack
7,73,11.058,onAttack
7,74,12.989,onAttack
7,75,10.923,onAttack
7,76,18.034,onAttack
7,77,11.130,onAttack
7,78,11.007,onAttack
7,79,13.050,onAttack
7,80,12.322,onAttack
7,81,10.829,onAttack
7,82,10.965,onAttack
7,83,10.367,onAttack
7,84,11.293,onAttack
7,85,10.925,onAttack
7,86,11.154,onAttack
7,87,12.746,onAttack
7,88,10.795,onAttack
7,89,11.201,onAttack
7,90,12.079,onAttack
7,91,10.803,onAttack
7,92,11.100,onAttack
7,93,12.031,onAttack
7,94,10.266,onAttack
7,95,11.057,onAttack
7,96,10.386,onAttack
7,97,11.124,onAttack
7,98,11.193,onAttack
7,99,11.322,onAttack
7,100,11.970,onAttack
7,101,12.346,onAttack
7,102,12.856,onAttack
7,103,12.008,onAttack
7,104,10.998,onAttack
7,105,10.752,onAttack
7,106,23.339,onAttack
7,107,12.191,onAttack
7,108,10.783,onAttack
7,109,12.916,onAttack
7,110,10.850,onAttack
7,111,11.284,onAttack
7,112,11.789,onAttack
7,113,11.213,onAttack
7,114,10.375,onAttack
7,115,11.334,onAttack
7,116,11.207,onAttack
7,117,10.929,onAttack
7,118,11.080,onAttack
7,119,12.137,onAttack
7,120,11.305,onAttack
7,121,10.366,onAttack
7,122,10.966,onAttack
7,123,12.194,onAttack
7,124,10.298,onAttack
7,125,10.773,onAttack
7,126,11.823,onAttack
7,127,13.107,onAttack
7,128,10.876,onAttack
7,129,11.813,onAttack
7,130,11.171,onAttack
7,131,11.297,onAttack
7,132,10.949,onAttack
7,133,12.208,onAttack
7,134,11.122,onAttack
7,135,11.092,onAttack
7,136,14.337,onAttack
7,137,32.963,onAttack
7,138,10.365,onAttack
7,139,11.146,onAttack
7,140,10.927,onAttack
7,141,10.439,onAttack
7,142,14.175,onAttack
7,143,11.223,onAttack
7,144,12.369,onAttack
7,145,11.375,onAttack
7,146,12.780,onAttack
7,147,12.053,onAttack
7,148,16.044,onAttack
7,149,12.014,onAttack
7,150,10.816,onAttack
7,151,12.915,onAttack
7,152,11.892,onAttack
7,153,12.976,onAttack
7,154,12.019,onAttack
7,155,10.577,onAttack
7,156,12.869,onAttack
7,157,11.945,onAttack
7,158,11.049,onAttack
7,159,10.935,onAttack
7,160,10.303,onAttack
7,161,11.064,onAttack
7,162,10.833,onAttack
7,163,10.897,onAttack
7,164,13.041,onAttack
7,165,11.162,onAttack
7,166,11.299,onAttack
7,167,11.022,onAttack
7,168,11.001,onAttack
7,169,11.196,onAttack
7,170,12.944,onAttack
7,171,12.764,onAttack
7,172,10.821,onAttack
7,173,11.371,onAttack
7,174,11.337,onAttack
7,175,10.266,onAttack
7,176,11.076,onAttack
7,177,10.677,onAttack
7,178,12.896,onAttack
7,179,11.128,onAttack
7,180,12.373,onAttack
7,181,11.109,onAttack
7,182,10.341,onAttack
7,183,12.309,onAttack
7,184,11.435,onAttack
7,185,10.558,onAttack
7,186,12.956,onAttack
7,187,12.594,onAttack
7,188,12.329,onAttack
7,189,60.064,onAttack
7,190,25.747,onAttack
7,191,10.970,onAttack
7,192,13.136,onAttack
7,193,12.799,onAttack
7,194,10.842,onAttack
7,195,13.044,onAttack
7,196,10.869,onAttack
7,197,11.038,onAttack
7,198,11.710,onAttack
7,199,18.016,onAttack
7,200,11.230,onAttack
8,1,12.880,onAttack
8,2,29.356,onAttack
8,3,13.315,onAttack
8,4,14.382,onAttack
8,5,13.035,onAttack
8,6,12.940,onAttack
8,7,13.016,onAttack
8,8,12.121,onAttack
8,9,13.128,onAttack
8,10,12.349,onAttack
8,11,13.873,onAttack
8,12,12.723,onAttack
8,13,16.887,onAttack
8,14,13.320,onAttack
8,15,12.819,onAttack
8,16,19.229,onAttack
8,17,18.985,onAttack
8,18,15.321,onAttack
8,19,27.021,onAttack
8,20,12.080,onAttack
8,21,13.207,onAttack
8,22,14.104,onAttack
8,23,14.036,onAttack
8,24,13.825,onAttack
8,25,13.315,onAttack
8,26,14.387,onAttack
8,27,13.775,onAttack
8,28,11.975,onAttack
8,29,12.885,onAttack
8,30,14.003,onAttack
8,31,17.958,onAttack
8,32,19.797,onAttack
8,33,15.128,onAttack
8,34,12.346,onAttack
8,35,13.042,onAttack
8,36,12.826,onAttack
8,37,12.835,onAttack
8,38,12.260,onAttack
8,39,15.080,onAttack
8,40,14.115,onAttack
8,41,12.010,onAttack
8,42,13.069,onAttack
8,43,13.814,onAttack
8,44,12.084,onAttack
8,45,39.985,onAttack
8,46,16.359,onAttack
8,47,23.466,onAttack
8,48,12.804,onAttack
8,49,11.966,onAttack
8,50,19.097,onAttack
8,51,19.033,onAttack
8,52,14.127,onAttack
8,53,12.885,onAttack
8,54,12.294,onAttack
8,55,12.944,onAttack
8,56,13.110,onAttack
8,57,15.855,onAttack
8,58,12.821,onAttack
8,59,16.065,onAttack
8,60,14.856,onAttack
8,61,14.114,onAttack
8,62,14.324,onAttack
8,63,17.799,onAttack
8,64,13.553,onAttack
8,65,13.288,onAttack
8,66,12.353,onAttack
8,67,13.098,onAttack
8,68,13.701,onAttack
8,69,16.105,onAttack
8,70,11.925,onAttack
8,71,14.220,onAttack
8,72,22.138,onAttack
8,73,13.336,onAttack
8,74,12.063,onAttack
8,75,15.300,onAttack
8,76,12.135,onAttack
8,77,15.855,onAttack
8,78,12.083,onAttack
8,79,13.317,onAttack
8,80,12.261,onAttack
8,81,15.148,onAttack
8,82,13.327,onAttack
8,83,18.813,onAttack
8,84,13.094,onAttack
8,85,20.989,onAttack
8,86,12.254,onAttack
8,87,12.148,onAttack
8,88,14.629,onAttack
8,89,12.298,onAttack
8,90,13.860,onAttack
8,91,13.779,onAttack
8,92,12.291,onAttack
8,93,17.389,onAttack
8,94,14.167,onAttack
8,95,14.973,onAttack
8,96,20.281,onAttack
8,97,43.344,onAttack
8,98,15.774,onAttack
8,99,13.998,onAttack
8,100,13.045,onAttack
8,101,14.859,onAttack
8,102,12.945,onAttack
8,103,15.918,onAttack
8,104,39.270,onAttack
8,105,12.848,onAttack
8,106,11.823,onAttack
8,107,12.255,onAttack
8,108,13.839,onAttack
8,109,16.933,onAttack
8,110,12.299,onAttack
8,111,12.329,onAttack
8,112,11.845,onAttack
8,113,13.968,onAttack
8,114,14.147,onAttack
8,115,12.839,onAttack
8,116,14.250,onAttack
8,117,12.211,onAttack
8,118,12.288,onAttack
8,119,12.303,onAttack
8,120,11.911,onAttack
8,121,14.931,onAttack
8,122,12.833,onAttack
8,123,13.103,onAttack
8,124,15.945,onAttack
8,125,12.747,onAttack
8,126,13.332,onAttack
8,127,12.310,onAttack
8,128,14.019,onAttack
8,129,20.015,onAttack
8,130,12.814,onAttack
8,131,12.372,onAttack
8,132,18.883,onAttack
8,133,16.955,onAttack
8,134,13.866,onAttack
8,135,12.289,onAttack
8,136,13.172,onAttack
8,137,16.450,onAttack
8,138,43.381,onAttack
8,139,12.875,onAttack
8,140,12.817,onAttack
8,141,13.903,onAttack
8,142,14.900,onAttack
8,143,11.528,onAttack
8,144,12.243,onAttack
8,145,13.071,onAttack
8,146,19.098,onAttack
8,147,12.855,onAttack
8,148,18.963,onAttack
8,149,16.224,onAttack
8,150,12.089,onAttack
8,151,13.279,onAttack
8,152,12.251,onAttack
8,153,13.226,onAttack
8,154,14.185,onAttack
8,155,15.979,onAttack
8,156,16.256,onAttack
8,157,12.842,onAttack
8,158,12.409,onAttack
8,159,19.357,onAttack
8,160,14.313,onAttack
8,161,15.437,onAttack
8,162,14.007,onAttack
8,163,12.961,onAttack
8,164,12.859,onAttack
8,165,25.050,onAttack
8,166,12.363,onAttack
8,167,14.400,onAttack
8,168,11.930,onAttack
8,169,12.146,onAttack
8,170,13.825,onAttack
8,171,14.412,onAttack
8,172,12.997,onAttack
8,173,12.322,onAttack
8,174,12.979,onAttack
8,175,16.100,onAttack
8,176,14.149,onAttack
8,177,15.066,onAttack
8,178,14.283,onAttack
8,179,12.054,onAttack
8,180,12.224,onAttack
8,181,12.955,onAttack
8,182,11.866,onAttack
8,183,14.328,onAttack
8,184,14.265,onAttack
8,185,12.324,onAttack
8,186,12.876,onAttack
8,187,12.995,onAttack
8,188,13.158,onAttack
8,189,19.218,onAttack
8,190,12.937,onAttack
8,191,12.187,onAttack
8,192,37.252,onAttack
8,193,14.325,onAttack
8,194,12.337,onAttack
8,195,17.221,onAttack
8,196,13.773,onAttack
8,197,14.698,onAttack
8,198,17.876,onAttack
8,199,14.104,onAttack
8,200,17.338,onAttack
ipflagmentation,,,
1,1,17.224,onAttack
1,2,4.998,onAttack
1,3,3.025,onAttack
1,4,2.163,onAttack
1,5,3.021,onAttack
1,6,3.253,onAttack
1,7,1.784,onAttack
1,8,1.759,onAttack
1,9,5.524,onAttack
1,10,1.565,onAttack
1,11,8.751,onAttack
1,12,5.132,onAttack
1,13,3.117,onAttack
1,14,5.559,onAttack
1,15,1.494,onAttack
1,16,3.254,onAttack
1,17,1.574,onAttack
1,18,1.693,onAttack
1,19,1.775,onAttack
1,20,3.026,onAttack
1,21,1.177,onAttack
1,22,3.021,onAttack
1,23,3.029,onAttack
1,24,1.513,onAttack
1,25,3.050,onAttack
1,26,1.756,onAttack
1,27,2.240,onAttack
1,28,1.660,onAttack
1,29,5.032,onAttack
1,30,1.645,onAttack
1,31,2.216,onAttack
1,32,1.490,onAttack
1,33,1.780,onAttack
1,34,2.268,onAttack
1,35,2.260,onAttack
1,36,1.541,onAttack
1,37,1.412,onAttack
1,38,3.030,onAttack
1,39,2.243,onAttack
1,40,2.218,onAttack
1,41,9.078,onAttack
1,42,3.019,onAttack
1,43,1.499,onAttack
1,44,2.263,onAttack
1,45,1.490,onAttack
1,46,3.094,onAttack
1,47,1.079,onAttack
1,48,1.357,onAttack
1,49,3.014,onAttack
1,50,1.916,onAttack
1,51,3.027,onAttack
1,52,1.786,onAttack
1,53,1.488,onAttack
1,54,1.559,onAttack
1,55,1.518,onAttack
1,56,1.503,onAttack
1,57,3.025,onAttack
1,58,1.476,onAttack
1,59,1.635,onAttack
1,60,3.049,onAttack
1,61,3.027,onAttack
1,62,1.578,onAttack
1,63,1.604,onAttack
1,64,1.501,onAttack
1,65,2.467,onAttack
1,66,5.019,onAttack
1,67,5.090,onAttack
1,68,2.136,onAttack
1,69,3.092,onAttack
1,70,2.165,onAttack
1,71,1.538,onAttack
1,72,2.308,onAttack
1,73,3.072,onAttack
1,74,4.079,onAttack
1,75,3.025,onAttack
1,76,3.104,onAttack
1,77,1.498,onAttack
1,78,1.493,onAttack
1,79,5.015,onAttack
1,80,1.738,onAttack
1,81,4.234,onAttack
1,82,2.270,onAttack
1,83,1.461,onAttack
1,84,3.087,onAttack
1,85,4.231,onAttack
1,86,1.775,onAttack
1,87,2.240,onAttack
1,88,1.550,onAttack
1,89,5.518,onAttack
1,90,1.792,onAttack
1,91,1.659,onAttack
1,92,1.715,onAttack
1,93,3.019,onAttack
1,94,3.229,onAttack
1,95,1.517,onAttack
1,96,1.766,onAttack
1,97,5.298,onAttack
1,98,3.021,onAttack
1,99,1.618,onAttack
1,100,1.496,onAttack
1,101,2.115,onAttack
1,102,1.782,onAttack
1,103,3.025,onAttack
1,104,2.163,onAttack
1,105,1.451,onAttack
1,106,1.780,onAttack
1,107,4.022,onAttack
1,108,1.559,onAttack
1,109,1.505,onAttack
1,110,3.064,onAttack
1,111,3.043,onAttack
1,112,1.499,onAttack
1,113,1.583,onAttack
1,114,3.033,onAttack
1,115,2.232,onAttack
1,116,1.081,onAttack
1,117,3.046,onAttack
1,118,1.565,onAttack
1,119,5.003,onAttack
1,120,3.018,onAttack
1,121,1.744,onAttack
1,122,3.027,onAttack
1,123,1.685,onAttack
1,124,3.033,onAttack
1,125,10.045,onAttack
1,126,1.499,onAttack
1,127,2.188,onAttack
1,128,5.382,onAttack
1,129,5.158,onAttack
1,130,3.027,onAttack
1,131,1.770,onAttack
1,132,5.045,onAttack
1,133,3.022,onAttack
1,134,3.019,onAttack
1,135,1.494,onAttack
1,136,1.495,onAttack
1,137,3.106,onAttack
1,138,1.555,onAttack
1,139,3.024,onAttack
1,140,16.343,onAttack
1,141,3.031,onAttack
1,142,3.011,onAttack
1,143,1.497,onAttack
1,144,1.331,onAttack
1,145,3.101,onAttack
1,146,5.074,onAttack
1,147,3.022,onAttack
1,148,3.155,onAttack
1,149,1.574,onAttack
1,150,1.727,onAttack
1,151,1.605,onAttack
1,152,2.237,onAttack
1,153,9.017,onAttack
1,154,1.497,onAttack
1,155,1.497,onAttack
1,156,1.494,onAttack
1,157,3.036,onAttack
1,158,1.501,onAttack
1,159,1.493,onAttack
1,160,1.785,onAttack
1,161,1.573,onAttack
1,162,3.026,onAttack
1,163,1.499,onAttack
1,164,3.023,onAttack
1,165,1.492,onAttack
1,166,2.103,onAttack
1,167,2.166,onAttack
1,168,3.019,onAttack
1,169,2.194,onAttack
1,170,1.491,onAttack
1,171,1.494,onAttack
1,172,1.270,onAttack
1,173,1.784,onAttack
1,174,2.160,onAttack
1,175,1.298,onAttack
1,176,1.497,onAttack
1,177,4.086,onAttack
1,178,3.134,onAttack
1,179,3.095,onAttack
1,180,1.510,onAttack
1,181,1.523,onAttack
1,182,1.836,onAttack
1,183,1.927,onAttack
1,184,1.782,onAttack
1,185,1.499,onAttack
1,186,2.230,onAttack
1,187,5.522,onAttack
1,188,1.609,onAttack
1,189,3.023,onAttack
1,190,1.623,onAttack
1,191,5.106,onAttack
1,192,1.486,onAttack
1,193,2.192,onAttack
1,194,1.495,onAttack
1,195,2.141,onAttack
1,196,3.068,onAttack
1,197,1.697,onAttack
1,198,3.024,onAttack
1,199,1.493,onAttack
1,200,1.764,onAttack
2,1,4.637,onAttack
2,2,5.865,onAttack
2,3,2.778,onAttack
2,4,5.488,onAttack
2,5,4.078,onAttack
2,6,4.111,onAttack
2,7,3.209,onAttack
2,8,6.177,onAttack
2,9,4.108,onAttack
2,10,2.704,onAttack
2,11,4.103,onAttack
2,12,4.226,onAttack
2,13,2.905,onAttack
2,14,6.620,onAttack
2,15,2.706,onAttack
2,16,4.190,onAttack
2,17,4.584,onAttack
2,18,4.078,onAttack
2,19,2.681,onAttack
2,20,2.887,onAttack
2,21,4.055,onAttack
2,22,4.175,onAttack
2,23,3.730,onAttack
2,24,2.749,onAttack
2,25,4.150,onAttack
2,26,2.711,onAttack
2,27,2.791,onAttack
2,28,4.113,onAttack
2,29,3.375,onAttack
2,30,4.087,onAttack
2,31,3.007,onAttack
2,32,2.698,onAttack
2,33,6.406,onAttack
2,34,4.055,onAttack
2,35,6.392,onAttack
2,36,4.344,onAttack
2,37,4.221,onAttack
2,38,4.089,onAttack
2,39,6.360,onAttack
2,40,3.024,onAttack
2,41,4.109,onAttack
2,42,4.246,onAttack
2,43,4.192,onAttack
2,44,5.044,onAttack
2,45,2.745,onAttack
2,46,2.964,onAttack
2,47,2.711,onAttack
2,48,5.720,onAttack
2,49,9.505,onAttack
2,50,34.273,onAttack
2,51,4.140,onAttack
2,52,3.376,onAttack
2,53,2.689,onAttack
2,54,3.146,onAttack
2,55,3.305,onAttack
2,56,4.086,onAttack
2,57,2.685,onAttack
2,58,3.238,onAttack
2,59,3.210,onAttack
2,60,4.060,onAttack
2,61,2.687,onAttack
2,62,4.181,onAttack
2,63,2.696,onAttack
2,64,6.466,onAttack
2,65,5.214,onAttack
2,66,4.161,onAttack
2,67,2.942,onAttack
2,68,9.304,onAttack
2,69,2.692,onAttack
2,70,4.560,onAttack
2,71,4.219,onAttack
2,72,2.683,onAttack
2,73,50.453,onAttack
2,74,2.778,onAttack
2,75,4.078,onAttack
2,76,6.154,onAttack
2,77,4.113,onAttack
2,78,2.748,onAttack
2,79,3.734,onAttack
2,80,3.417,onAttack
2,81,9.343,onAttack
2,82,20.671,onAttack
2,83,3.363,onAttack
2,84,2.990,onAttack
2,85,2.693,onAttack
2,86,4.193,onAttack
2,87,2.712,onAttack
2,88,3.172,onAttack
2,89,14.753,onAttack
2,90,20.083,onAttack
2,91,3.331,onAttack
2,92,2.702,onAttack
2,93,3.227,onAttack
2,94,3.016,onAttack
2,95,4.118,onAttack
2,96,2.720,onAttack
2,97,2.748,onAttack
2,98,4.157,onAttack
2,99,4.060,onAttack
2,100,2.703,onAttack
2,101,4.379,onAttack
2,102,4.131,onAttack
2,103,3.136,onAttack
2,104,4.128,onAttack
2,105,40.393,onAttack
2,106,4.183,onAttack
2,107,3.017,onAttack
2,108,4.264,onAttack
2,109,6.187,onAttack
2,110,2.691,onAttack
2,111,4.135,onAttack
2,112,4.005,onAttack
2,113,2.704,onAttack
2,114,6.427,onAttack
2,115,2.752,onAttack
2,116,4.051,onAttack
2,117,2.949,onAttack
2,118,4.129,onAttack
2,119,4.181,onAttack
2,120,4.111,onAttack
2,121,3.742,onAttack
2,122,3.077,onAttack
2,123,2.716,onAttack
2,124,3.092,onAttack
2,125,4.101,onAttack
2,126,4.070,onAttack
2,127,4.161,onAttack
2,128,2.684,onAttack
2,129,2.774,onAttack
2,130,2.693,onAttack
2,131,2.686,onAttack
2,132,2.986,onAttack
2,133,4.078,onAttack
2,134,3.469,onAttack
2,135,3.057,onAttack
2,136,2.687,onAttack
2,137,3.154,onAttack
2,138,6.225,onAttack
2,139,4.095,onAttack
2,140,2.740,onAttack
2,141,3.284,onAttack
2,142,6.541,onAttack
2,143,2.761,onAttack
2,144,2.723,onAttack
2,145,4.175,onAttack
2,146,4.071,onAttack
2,147,3.033,onAttack
2,148,6.709,onAttack
2,149,3.062,onAttack
2,150,2.782,onAttack
2,151,4.160,onAttack
2,152,3.475,onAttack
2,153,2.724,onAttack
2,154,2.736,onAttack
2,155,4.227,onAttack
2,156,2.685,onAttack
2,157,6.431,onAttack
2,158,2.681,onAttack
2,159,3.189,onAttack
2,160,4.076,onAttack
2,161,6.325,onAttack
2,162,2.734,onAttack
2,163,4.222,onAttack
2,164,6.429,onAttack
2,165,4.200,onAttack
2,166,4.094,onAttack
2,167,4.124,onAttack
2,168,4.055,onAttack
2,169,2.762,onAttack
2,170,3.070,onAttack
2,171,4.030,onAttack
2,172,4.132,onAttack
2,173,4.080,onAttack
2,174,3.229,onAttack
2,175,4.064,onAttack
2,176,4.483,onAttack
2,177,4.172,onAttack
2,178,4.134,onAttack
2,179,6.572,onAttack
2,180,6.067,onAttack
2,181,2.725,onAttack
2,182,6.287,onAttack
2,183,4.045,onAttack
2,184,2.676,onAttack
2,185,2.679,onAttack
2,186,3.039,onAttack
2,187,3.713,onAttack
2,188,3.772,onAttack
2,189,3.225,onAttack
2,190,3.219,onAttack
2,191,3.195,onAttack
2,192,10.738,onAttack
2,193,4.113,onAttack
2,194,2.681,onAttack
2,195,4.131,onAttack
2,196,2.683,onAttack
2,197,3.065,onAttack
2,198,2.746,onAttack
2,199,4.124,onAttack
2,200,2.715,onAttack
3,1,3.776,onAttack
3,2,4.503,onAttack
3,3,4.014,onAttack
3,4,5.238,onAttack
3,5,4.282,onAttack
3,6,5.134,onAttack
3,7,5.182,onAttack
3,8,5.100,onAttack
3,9,5.357,onAttack
3,10,4.175,onAttack
3,11,4.041,onAttack
3,12,11.581,onAttack
3,13,5.158,onAttack
3,14,5.332,onAttack
3,15,8.818,onAttack
3,16,4.642,onAttack
3,17,7.226,onAttack
3,18,5.401,onAttack
3,19,5.136,onAttack
3,20,5.191,onAttack
3,21,3.980,onAttack
3,22,4.178,onAttack
3,23,29.643,onAttack
3,24,4.606,onAttack
3,25,5.107,onAttack
3,26,4.083,onAttack
3,27,5.130,onAttack
3,28,4.186,onAttack
3,29,7.299,onAttack
3,30,4.184,onAttack
3,31,6.958,onAttack
3,32,5.092,onAttack
3,33,7.376,onAttack
3,34,4.374,onAttack
3,35,3.997,onAttack
3,36,5.413,onAttack
3,37,3.793,onAttack
3,38,4.055,onAttack
3,39,4.257,onAttack
3,40,5.086,onAttack
3,41,5.103,onAttack
3,42,5.165,onAttack
3,43,5.117,onAttack
3,44,4.189,onAttack
3,45,7.372,onAttack
3,46,3.742,onAttack
3,47,5.209,onAttack
3,48,12.066,onAttack
3,49,6.403,onAttack
3,50,3.756,onAttack
3,51,3.743,onAttack
3,52,4.158,onAttack
3,53,5.326,onAttack
3,54,3.753,onAttack
3,55,5.156,onAttack
3,56,3.734,onAttack
3,57,5.111,onAttack
3,58,5.139,onAttack
3,59,7.740,onAttack
3,60,4.318,onAttack
3,61,4.058,onAttack
3,62,15.774,onAttack
3,63,12.097,onAttack
3,64,4.246,onAttack
3,65,4.169,onAttack
3,66,11.561,onAttack
3,67,7.000,onAttack
3,68,5.154,onAttack
3,69,4.094,onAttack
3,70,3.728,onAttack
3,71,4.181,onAttack
3,72,5.223,onAttack
3,73,5.223,onAttack
3,74,5.277,onAttack
3,75,4.295,onAttack
3,76,9.090,onAttack
3,77,4.146,onAttack
3,78,4.109,onAttack
3,79,5.207,onAttack
3,80,4.014,onAttack
3,81,4.104,onAttack
3,82,4.132,onAttack
3,83,3.746,onAttack
3,84,7.326,onAttack
3,85,4.159,onAttack
3,86,7.055,onAttack
3,87,5.315,onAttack
3,88,5.401,onAttack
3,89,5.186,onAttack
3,90,3.744,onAttack
3,91,4.203,onAttack
3,92,4.230,onAttack
3,93,5.104,onAttack
3,94,3.757,onAttack
3,95,5.190,onAttack
3,96,7.725,onAttack
3,97,5.207,onAttack
3,98,4.140,onAttack
3,99,3.737,onAttack
3,100,3.747,onAttack
3,101,4.153,onAttack
3,102,4.086,onAttack
3,103,5.269,onAttack
3,104,3.811,onAttack
3,105,4.240,onAttack
3,106,5.180,onAttack
3,107,5.469,onAttack
3,108,3.745,onAttack
3,109,4.175,onAttack
3,110,5.444,onAttack
3,111,4.154,onAttack
3,112,5.075,onAttack
3,113,4.414,onAttack
3,114,4.110,onAttack
3,115,4.022,onAttack
3,116,4.341,onAttack
3,117,7.672,onAttack
3,118,5.202,onAttack
3,119,5.113,onAttack
3,120,4.044,onAttack
3,121,7.467,onAttack
3,122,3.742,onAttack
3,123,11.216,onAttack
3,124,5.104,onAttack
3,125,3.768,onAttack
3,126,5.175,onAttack
3,127,5.252,onAttack
3,128,5.419,onAttack
3,129,7.164,onAttack
3,130,5.403,onAttack
3,131,3.749,onAttack
3,132,5.241,onAttack
3,133,8.747,onAttack
3,134,4.073,onAttack
3,135,4.171,onAttack
3,136,4.258,onAttack
3,137,5.158,onAttack
3,138,4.053,onAttack
3,139,3.740,onAttack
3,140,4.176,onAttack
3,141,5.174,onAttack
3,142,5.170,onAttack
3,143,4.460,onAttack
3,144,5.155,onAttack
3,145,3.984,onAttack
3,146,3.747,onAttack
3,147,5.121,onAttack
3,148,7.360,onAttack
3,149,5.174,onAttack
3,150,5.113,onAttack
3,151,4.030,onAttack
3,152,11.126,onAttack
3,153,5.220,onAttack
3,154,6.954,onAttack
3,155,4.475,onAttack
3,156,12.282,onAttack
3,157,10.968,onAttack
3,158,4.105,onAttack
3,159,4.030,onAttack
3,160,3.817,onAttack
3,161,5.391,onAttack
3,162,4.167,onAttack
3,163,3.759,onAttack
3,164,5.032,onAttack
3,165,5.132,onAttack
3,166,4.096,onAttack
3,167,3.782,onAttack
3,168,3.737,onAttack
3,169,5.141,onAttack
3,170,3.766,onAttack
3,171,5.314,onAttack
3,172,4.174,onAttack
3,173,5.454,onAttack
3,174,5.148,onAttack
3,175,3.742,onAttack
3,176,5.270,onAttack
3,177,5.199,onAttack
3,178,7.536,onAttack
3,179,7.352,onAttack
3,180,13.206,onAttack
3,181,4.178,onAttack
3,182,4.051,onAttack
3,183,3.780,onAttack
3,184,5.302,onAttack
3,185,4.000,onAttack
3,186,5.632,onAttack
3,187,5.302,onAttack
3,188,5.163,onAttack
3,189,3.732,onAttack
3,190,5.190,onAttack
3,191,11.152,onAttack
3,192,5.266,onAttack
3,193,4.090,onAttack
3,194,5.286,onAttack
3,195,4.011,onAttack
3,196,5.161,onAttack
3,197,4.032,onAttack
3,198,5.082,onAttack
3,199,5.179,onAttack
3,200,3.754,onAttack
4,1,6.181,onAttack
4,2,5.205,onAttack
4,3,5.078,onAttack
4,4,5.104,onAttack
4,5,6.481,onAttack
4,6,6.204,onAttack
4,7,12.114,onAttack
4,8,5.137,onAttack
4,9,5.787,onAttack
4,10,10.198,onAttack
4,11,5.008,onAttack
4,12,5.351,onAttack
4,13,6.203,onAttack
4,14,5.352,onAttack
4,15,4.966,onAttack
4,16,8.419,onAttack
4,17,5.068,onAttack
4,18,5.002,onAttack
4,19,6.252,onAttack
4,20,6.201,onAttack
4,21,6.211,onAttack
4,22,5.743,onAttack
4,23,6.239,onAttack
4,24,5.356,onAttack
4,25,6.059,onAttack
4,26,6.301,onAttack
4,27,5.015,onAttack
4,28,5.145,onAttack
4,29,5.243,onAttack
4,30,8.640,onAttack
4,31,5.297,onAttack
4,32,5.240,onAttack
4,33,5.492,onAttack
4,34,4.810,onAttack
4,35,5.630,onAttack
4,36,6.276,onAttack
4,37,6.468,onAttack
4,38,4.794,onAttack
4,39,5.342,onAttack
4,40,6.424,onAttack
4,41,5.271,onAttack
4,42,6.303,onAttack
4,43,4.907,onAttack
4,44,5.131,onAttack
4,45,6.469,onAttack
4,46,6.253,onAttack
4,47,5.098,onAttack
4,48,6.554,onAttack
4,49,5.173,onAttack
4,50,8.580,onAttack
4,51,5.191,onAttack
4,52,8.433,onAttack
4,53,8.292,onAttack
4,54,6.237,onAttack
4,55,5.520,onAttack
4,56,8.465,onAttack
4,57,5.289,onAttack
4,58,6.209,onAttack
4,59,5.773,onAttack
4,60,6.461,onAttack
4,61,8.431,onAttack
4,62,6.176,onAttack
4,63,5.078,onAttack
4,64,5.009,onAttack
4,65,5.074,onAttack
4,66,5.274,onAttack
4,67,5.326,onAttack
4,68,5.057,onAttack
4,69,5.113,onAttack
4,70,5.125,onAttack
4,71,4.789,onAttack
4,72,6.430,onAttack
4,73,6.322,onAttack
4,74,5.103,onAttack
4,75,5.057,onAttack
4,76,5.374,onAttack
4,77,5.040,onAttack
4,78,4.961,onAttack
4,79,5.133,onAttack
4,80,6.310,onAttack
4,81,6.297,onAttack
4,82,6.194,onAttack
4,83,7.155,onAttack
4,84,4.941,onAttack
4,85,6.143,onAttack
4,86,5.014,onAttack
4,87,8.467,onAttack
4,88,6.347,onAttack
4,89,4.762,onAttack
4,90,6.092,onAttack
4,91,5.016,onAttack
4,92,5.142,onAttack
4,93,5.534,onAttack
4,94,5.009,onAttack
4,95,8.476,onAttack
4,96,5.101,onAttack
4,97,6.297,onAttack
4,98,5.394,onAttack
4,99,5.105,onAttack
4,100,5.744,onAttack
4,101,5.498,onAttack
4,102,7.755,onAttack
4,103,8.064,onAttack
4,104,8.494,onAttack
4,105,6.283,onAttack
4,106,6.324,onAttack
4,107,8.417,onAttack
4,108,6.342,onAttack
4,109,8.494,onAttack
4,110,6.166,onAttack
4,111,6.150,onAttack
4,112,5.244,onAttack
4,113,5.212,onAttack
4,114,5.001,onAttack
4,115,6.242,onAttack
4,116,5.199,onAttack
4,117,5.559,onAttack
4,118,5.079,onAttack
4,119,5.406,onAttack
4,120,5.030,onAttack
4,121,5.416,onAttack
4,122,10.074,onAttack
4,123,5.200,onAttack
4,124,5.162,onAttack
4,125,6.272,onAttack
4,126,6.387,onAttack
4,127,6.170,onAttack
4,128,4.752,onAttack
4,129,6.305,onAttack
4,130,5.256,onAttack
4,131,6.159,onAttack
4,132,6.123,onAttack
4,133,5.029,onAttack
4,134,5.215,onAttack
4,135,5.181,onAttack
4,136,5.671,onAttack
4,137,5.134,onAttack
4,138,5.987,onAttack
4,139,4.899,onAttack
4,140,5.222,onAttack
4,141,6.581,onAttack
4,142,4.914,onAttack
4,143,6.286,onAttack
4,144,5.800,onAttack
4,145,5.312,onAttack
4,146,5.459,onAttack
4,147,5.295,onAttack
4,148,16.505,onAttack
4,149,5.303,onAttack
4,150,6.450,onAttack
4,151,5.016,onAttack
4,152,5.210,onAttack
4,153,8.227,onAttack
4,154,5.136,onAttack
4,155,6.646,onAttack
4,156,6.291,onAttack
4,157,6.236,onAttack
4,158,5.123,onAttack
4,159,6.145,onAttack
4,160,8.604,onAttack
4,161,5.184,onAttack
4,162,6.166,onAttack
4,163,6.524,onAttack
4,164,6.775,onAttack
4,165,6.213,onAttack
4,166,5.148,onAttack
4,167,8.593,onAttack
4,168,5.485,onAttack
4,169,6.141,onAttack
4,170,5.160,onAttack
4,171,7.075,onAttack
4,172,5.159,onAttack
4,173,5.207,onAttack
4,174,6.139,onAttack
4,175,8.448,onAttack
4,176,5.169,onAttack
4,177,5.165,onAttack
4,178,6.212,onAttack
4,179,10.141,onAttack
4,180,5.172,onAttack
4,181,8.459,onAttack
4,182,5.339,onAttack
4,183,5.243,onAttack
4,184,5.032,onAttack
4,185,6.179,onAttack
4,186,5.352,onAttack
4,187,8.219,onAttack
4,188,6.320,onAttack
4,189,6.249,onAttack
4,190,6.228,onAttack
4,191,6.762,onAttack
4,192,8.258,onAttack
4,193,13.093,onAttack
4,194,5.181,onAttack
4,195,5.077,onAttack
4,196,8.322,onAttack
4,197,6.382,onAttack
4,198,6.209,onAttack
4,199,5.973,onAttack
4,200,6.195,onAttack
5,1,7.315,onAttack
5,2,10.048,onAttack
5,3,6.090,onAttack
5,4,6.458,onAttack
5,5,7.491,onAttack
5,6,7.422,onAttack
5,7,7.214,onAttack
5,8,6.155,onAttack
5,9,7.441,onAttack
5,10,6.237,onAttack
5,11,6.580,onAttack
5,12,7.617,onAttack
5,13,6.442,onAttack
5,14,6.061,onAttack
5,15,6.091,onAttack
5,16,8.478,onAttack
5,17,6.110,onAttack
5,18,6.108,onAttack
5,19,7.214,onAttack
5,20,6.078,onAttack
5,21,7.203,onAttack
5,22,7.780,onAttack
5,23,9.201,onAttack
5,24,7.247,onAttack
5,25,7.174,onAttack
5,26,6.183,onAttack
5,27,6.133,onAttack
5,28,6.291,onAttack
5,29,7.387,onAttack
5,30,9.505,onAttack
5,31,7.197,onAttack
5,32,6.226,onAttack
5,33,7.252,onAttack
5,34,6.384,onAttack
5,35,6.315,onAttack
5,36,6.054,onAttack
5,37,7.403,onAttack
5,38,7.322,onAttack
5,39,7.323,onAttack
5,40,7.172,onAttack
5,41,7.347,onAttack
5,42,7.220,onAttack
5,43,6.380,onAttack
5,44,7.466,onAttack
5,45,6.187,onAttack
5,46,7.182,onAttack
5,47,7.248,onAttack
5,48,6.482,onAttack
5,49,13.013,onAttack
5,50,6.405,onAttack
5,51,5.931,onAttack
5,52,9.231,onAttack
5,53,6.131,onAttack
5,54,9.536,onAttack
5,55,7.209,onAttack
5,56,6.084,onAttack
5,57,7.347,onAttack
5,58,7.241,onAttack
5,59,7.433,onAttack
5,60,6.357,onAttack
5,61,7.463,onAttack
5,62,6.413,onAttack
5,63,6.051,onAttack
5,64,6.131,onAttack
5,65,6.253,onAttack
5,66,6.084,onAttack
5,67,6.442,onAttack
5,68,10.130,onAttack
5,69,6.087,onAttack
5,70,7.378,onAttack
5,71,6.147,onAttack
5,72,6.575,onAttack
5,73,9.537,onAttack
5,74,6.159,onAttack
5,75,7.298,onAttack
5,76,6.160,onAttack
5,77,6.188,onAttack
5,78,7.252,onAttack
5,79,9.469,onAttack
5,80,6.030,onAttack
5,81,6.151,onAttack
5,82,6.170,onAttack
5,83,6.484,onAttack
5,84,7.768,onAttack
5,85,6.277,onAttack
5,86,7.585,onAttack
5,87,7.319,onAttack
5,88,7.440,onAttack
5,89,9.594,onAttack
5,90,9.825,onAttack
5,91,7.268,onAttack
5,92,9.411,onAttack
5,93,7.296,onAttack
5,94,7.368,onAttack
5,95,6.038,onAttack
5,96,6.017,onAttack
5,97,10.691,onAttack
5,98,6.103,onAttack
5,99,9.037,onAttack
5,100,7.213,onAttack
5,101,6.022,onAttack
5,102,6.132,onAttack
5,103,9.498,onAttack
5,104,7.052,onAttack
5,105,9.540,onAttack
5,106,7.213,onAttack
5,107,6.177,onAttack
5,108,7.189,onAttack
5,109,6.236,onAttack
5,110,7.201,onAttack
5,111,6.095,onAttack
5,112,7.239,onAttack
5,113,7.250,onAttack
5,114,6.264,onAttack
5,115,7.178,onAttack
5,116,7.368,onAttack
5,117,9.540,onAttack
5,118,9.454,onAttack
5,119,7.293,onAttack
5,120,7.433,onAttack
5,121,6.027,onAttack
5,122,6.184,onAttack
5,123,6.444,onAttack
5,124,7.696,onAttack
5,125,6.091,onAttack
5,126,7.755,onAttack
5,127,7.408,onAttack
5,128,6.066,onAttack
5,129,6.161,onAttack
5,130,6.280,onAttack
5,131,6.339,onAttack
5,132,6.428,onAttack
5,133,6.353,onAttack
5,134,7.391,onAttack
5,135,6.076,onAttack
5,136,6.227,onAttack
5,137,6.114,onAttack
5,138,6.212,onAttack
5,139,6.299,onAttack
5,140,9.460,onAttack
5,141,7.386,onAttack
5,142,6.474,onAttack
5,143,7.150,onAttack
5,144,9.100,onAttack
5,145,9.599,onAttack
5,146,6.156,onAttack
5,147,6.233,onAttack
5,148,6.115,onAttack
5,149,21.464,onAttack
5,150,6.129,onAttack
5,151,7.402,onAttack
5,152,9.722,onAttack
5,153,6.223,onAttack
5,154,9.103,onAttack
5,155,7.335,onAttack
5,156,6.427,onAttack
5,157,6.439,onAttack
5,158,6.259,onAttack
5,159,8.612,onAttack
5,160,10.136,onAttack
5,161,6.097,onAttack
5,162,7.430,onAttack
5,163,7.290,onAttack
5,164,6.049,onAttack
5,165,7.219,onAttack
5,166,7.205,onAttack
5,167,6.056,onAttack
5,168,6.239,onAttack
5,169,7.472,onAttack
5,170,6.150,onAttack
5,171,6.127,onAttack
5,172,13.652,onAttack
5,173,6.373,onAttack
5,174,6.088,onAttack
5,175,9.351,onAttack
5,176,8.104,onAttack
5,177,6.233,onAttack
5,178,7.377,onAttack
5,179,7.307,onAttack
5,180,7.278,onAttack
5,181,9.574,onAttack
5,182,6.647,onAttack
5,183,23.403,onAttack
5,184,6.276,onAttack
5,185,6.164,onAttack
5,186,6.486,onAttack
5,187,6.164,onAttack
5,188,7.446,onAttack
5,189,9.272,onAttack
5,190,7.495,onAttack
5,191,6.165,onAttack
5,192,20.150,onAttack
5,193,7.384,onAttack
5,194,6.224,onAttack
5,195,6.192,onAttack
5,196,6.284,onAttack
5,197,7.357,onAttack
5,198,6.077,onAttack
5,199,9.762,onAttack
5,200,6.184,onAttack
6,1,8.545,onAttack
6,2,8.532,onAttack
6,3,7.376,onAttack
6,4,7.323,onAttack
6,5,7.184,onAttack
6,6,7.302,onAttack
6,7,10.435,onAttack
6,8,7.701,onAttack
6,9,15.122,onAttack
6,10,11.055,onAttack
6,11,8.419,onAttack
6,12,7.121,onAttack
6,13,10.598,onAttack
6,14,7.557,onAttack
6,15,7.098,onAttack
6,16,7.441,onAttack
6,17,8.467,onAttack
6,18,11.483,onAttack
6,19,7.319,onAttack
6,20,7.332,onAttack
6,21,8.575,onAttack
6,22,7.368,onAttack
6,23,7.807,onAttack
6,24,8.376,onAttack
6,25,7.173,onAttack
6,26,7.477,onAttack
6,27,10.644,onAttack
6,28,7.156,onAttack
6,29,7.327,onAttack
6,30,7.566,onAttack
6,31,8.293,onAttack
6,32,7.370,onAttack
6,33,7.185,onAttack
6,34,8.174,onAttack
6,35,7.725,onAttack
6,36,19.447,onAttack
6,37,7.361,onAttack
6,38,8.263,onAttack
6,39,7.528,onAttack
6,40,8.741,onAttack
6,41,8.777,onAttack
6,42,7.531,onAttack
6,43,7.423,onAttack
6,44,9.451,onAttack
6,45,8.640,onAttack
6,46,23.511,onAttack
6,47,8.435,onAttack
6,48,8.635,onAttack
6,49,7.502,onAttack
6,50,7.448,onAttack
6,51,11.098,onAttack
6,52,8.311,onAttack
6,53,8.513,onAttack
6,54,23.205,onAttack
6,55,7.532,onAttack
6,56,7.947,onAttack
6,57,10.669,onAttack
6,58,7.396,onAttack
6,59,11.012,onAttack
6,60,8.243,onAttack
6,61,7.345,onAttack
6,62,8.411,onAttack
6,63,7.378,onAttack
6,64,8.337,onAttack
6,65,9.139,onAttack
6,66,8.586,onAttack
6,67,7.435,onAttack
6,68,10.466,onAttack
6,69,8.306,onAttack
6,70,8.161,onAttack
6,71,7.607,onAttack
6,72,8.128,onAttack
6,73,24.727,onAttack
6,74,7.416,onAttack
6,75,8.339,onAttack
6,76,7.445,onAttack
6,77,7.350,onAttack
6,78,9.273,onAttack
6,79,8.275,onAttack
6,80,7.162,onAttack
6,81,7.084,onAttack
6,82,7.685,onAttack
6,83,8.308,onAttack
6,84,9.676,onAttack
6,85,8.439,onAttack
6,86,8.729,onAttack
6,87,10.373,onAttack
6,88,8.229,onAttack
6,89,13.568,onAttack
6,90,7.091,onAttack
6,91,7.351,onAttack
6,92,8.355,onAttack
6,93,26.424,onAttack
6,94,7.278,onAttack
6,95,8.584,onAttack
6,96,7.186,onAttack
6,97,16.758,onAttack
6,98,7.749,onAttack
6,99,7.621,onAttack
6,100,7.131,onAttack
6,101,7.082,onAttack
6,102,8.364,onAttack
6,103,7.650,onAttack
6,104,8.340,onAttack
6,105,8.042,onAttack
6,106,7.097,onAttack
6,107,7.227,onAttack
6,108,7.490,onAttack
6,109,11.113,onAttack
6,110,8.518,onAttack
6,111,7.396,onAttack
6,112,26.501,onAttack
6,113,10.477,onAttack
6,114,8.680,onAttack
6,115,7.352,onAttack
6,116,7.718,onAttack
6,117,10.621,onAttack
6,118,10.391,onAttack
6,119,7.218,onAttack
6,120,8.254,onAttack
6,121,8.609,onAttack
6,122,8.409,onAttack
6,123,14.085,onAttack
6,124,11.008,onAttack
6,125,10.672,onAttack
6,126,8.527,onAttack
6,127,8.344,onAttack
6,128,8.705,onAttack
6,129,7.191,onAttack
6,130,7.576,onAttack
6,131,22.229,onAttack
6,132,7.259,onAttack
6,133,8.465,onAttack
6,134,7.649,onAttack
6,135,7.369,onAttack
6,136,7.157,onAttack
6,137,7.144,onAttack
6,138,7.293,onAttack
6,139,7.613,onAttack
6,140,13.700,onAttack
6,141,8.262,onAttack
6,142,10.861,onAttack
6,143,7.319,onAttack
6,144,7.316,onAttack
6,145,7.629,onAttack
6,146,7.672,onAttack
6,147,22.477,onAttack
6,148,7.170,onAttack
6,149,7.659,onAttack
6,150,10.570,onAttack
6,151,8.257,onAttack
6,152,7.095,onAttack
6,153,7.146,onAttack
6,154,8.424,onAttack
6,155,10.324,onAttack
6,156,7.450,onAttack
6,157,10.445,onAttack
6,158,8.562,onAttack
6,159,7.088,onAttack
6,160,7.613,onAttack
6,161,7.107,onAttack
6,162,7.347,onAttack
6,163,10.676,onAttack
6,164,7.690,onAttack
6,165,7.515,onAttack
6,166,8.042,onAttack
6,167,9.037,onAttack
6,168,7.590,onAttack
6,169,8.663,onAttack
6,170,7.648,onAttack
6,171,7.143,onAttack
6,172,8.487,onAttack
6,173,10.627,onAttack
6,174,23.086,onAttack
6,175,7.547,onAttack
6,176,23.576,onAttack
6,177,7.687,onAttack
6,178,23.119,onAttack
6,179,7.114,onAttack
6,180,11.050,onAttack
6,181,7.298,onAttack
6,182,7.507,onAttack
6,183,9.406,onAttack
6,184,8.605,onAttack
6,185,7.503,onAttack
6,186,7.545,onAttack
6,187,7.741,onAttack
6,188,9.552,onAttack
6,189,7.673,onAttack
6,190,7.290,onAttack
6,191,7.517,onAttack
6,192,8.360,onAttack
6,193,7.430,onAttack
6,194,8.465,onAttack
6,195,11.473,onAttack
6,196,7.118,onAttack
6,197,15.260,onAttack
6,198,8.650,onAttack
6,199,7.211,onAttack
6,200,7.792,onAttack
7,1,11.425,onAttack
7,2,8.296,onAttack
7,3,9.655,onAttack
7,4,9.257,onAttack
7,5,8.520,onAttack
7,6,8.495,onAttack
7,7,8.608,onAttack
7,8,8.195,onAttack
7,9,9.352,onAttack
7,10,8.417,onAttack
7,11,11.017,onAttack
7,12,8.171,onAttack
7,13,12.114,onAttack
7,14,12.409,onAttack
7,15,11.277,onAttack
7,16,8.580,onAttack
7,17,8.116,onAttack
7,18,8.368,onAttack
7,19,11.571,onAttack
7,20,9.743,onAttack
7,21,8.469,onAttack
7,22,9.618,onAttack
7,23,8.322,onAttack
7,24,9.682,onAttack
7,25,16.217,onAttack
7,26,10.784,onAttack
7,27,9.333,onAttack
7,28,8.287,onAttack
7,29,8.148,onAttack
7,30,8.353,onAttack
7,31,8.341,onAttack
7,32,8.503,onAttack
7,33,9.186,onAttack
7,34,8.461,onAttack
7,35,8.560,onAttack
7,36,8.281,onAttack
7,37,10.132,onAttack
7,38,8.357,onAttack
7,39,9.316,onAttack
7,40,8.351,onAttack
7,41,8.559,onAttack
7,42,9.212,onAttack
7,43,8.480,onAttack
7,44,8.511,onAttack
7,45,8.407,onAttack
7,46,11.427,onAttack
7,47,8.353,onAttack
7,48,9.534,onAttack
7,49,11.695,onAttack
7,50,8.171,onAttack
7,51,9.488,onAttack
7,52,12.276,onAttack
7,53,11.604,onAttack
7,54,11.646,onAttack
7,55,10.302,onAttack
7,56,8.337,onAttack
7,57,11.420,onAttack
7,58,8.201,onAttack
7,59,26.195,onAttack
7,60,8.406,onAttack
7,61,9.665,onAttack
7,62,8.235,onAttack
7,63,8.587,onAttack
7,64,8.996,onAttack
7,65,11.782,onAttack
7,66,9.375,onAttack
7,67,8.210,onAttack
7,68,24.211,onAttack
7,69,16.343,onAttack
7,70,8.374,onAttack
7,71,11.755,onAttack
7,72,16.206,onAttack
7,73,12.456,onAttack
7,74,8.461,onAttack
7,75,9.074,onAttack
7,76,9.224,onAttack
7,77,8.379,onAttack
7,78,12.095,onAttack
7,79,9.325,onAttack
7,80,15.431,onAttack
7,81,9.471,onAttack
7,82,9.539,onAttack
7,83,9.475,onAttack
7,84,8.536,onAttack
7,85,9.407,onAttack
7,86,9.365,onAttack
7,87,9.531,onAttack
7,88,6.229,onAttack
7,89,9.541,onAttack
7,90,9.453,onAttack
7,91,9.593,onAttack
7,92,14.599,onAttack
7,93,8.366,onAttack
7,94,8.231,onAttack
7,95,9.116,onAttack
7,96,10.375,onAttack
7,97,14.737,onAttack
7,98,8.199,onAttack
7,99,9.329,onAttack
7,100,8.455,onAttack
7,101,9.401,onAttack
7,102,8.309,onAttack
7,103,8.643,onAttack
7,104,11.666,onAttack
7,105,8.289,onAttack
7,106,8.491,onAttack
7,107,8.363,onAttack
7,108,9.539,onAttack
7,109,8.526,onAttack
7,110,8.218,onAttack
7,111,8.440,onAttack
7,112,8.162,onAttack
7,113,9.429,onAttack
7,114,8.444,onAttack
7,115,8.167,onAttack
7,116,8.160,onAttack
7,117,8.136,onAttack
7,118,8.247,onAttack
7,119,8.424,onAttack
7,120,8.690,onAttack
7,121,8.150,onAttack
7,122,8.175,onAttack
7,123,8.343,onAttack
7,124,9.466,onAttack
7,125,9.920,onAttack
7,126,8.340,onAttack
7,127,9.313,onAttack
7,128,9.665,onAttack
7,129,10.150,onAttack
7,130,11.630,onAttack
7,131,8.319,onAttack
7,132,15.313,onAttack
7,133,8.807,onAttack
7,134,8.355,onAttack
7,135,9.555,onAttack
7,136,10.770,onAttack
7,137,8.373,onAttack
7,138,11.724,onAttack
7,139,10.202,onAttack
7,140,12.420,onAttack
7,141,9.397,onAttack
7,142,9.470,onAttack
7,143,8.303,onAttack
7,144,11.752,onAttack
7,145,8.246,onAttack
7,146,8.479,onAttack
7,147,9.633,onAttack
7,148,11.791,onAttack
7,149,8.274,onAttack
7,150,8.422,onAttack
7,151,8.575,onAttack
7,152,8.174,onAttack
7,153,8.580,onAttack
7,154,9.337,onAttack
7,155,8.143,onAttack
7,156,8.250,onAttack
7,157,12.153,onAttack
7,158,9.621,onAttack
7,159,8.228,onAttack
7,160,8.279,onAttack
7,161,9.437,onAttack
7,162,8.548,onAttack
7,163,9.303,onAttack
7,164,8.185,onAttack
7,165,9.356,onAttack
7,166,8.320,onAttack
7,167,16.136,onAttack
7,168,8.452,onAttack
7,169,8.320,onAttack
7,170,8.331,onAttack
7,171,8.449,onAttack
7,172,8.234,onAttack
7,173,9.471,onAttack
7,174,9.482,onAttack
7,175,8.370,onAttack
7,176,9.200,onAttack
7,177,11.603,onAttack
7,178,8.310,onAttack
7,179,8.306,onAttack
7,180,10.189,onAttack
7,181,8.510,onAttack
7,182,8.521,onAttack
7,183,9.422,onAttack
7,184,8.193,onAttack
7,185,8.297,onAttack
7,186,8.361,onAttack
7,187,8.355,onAttack
7,188,9.352,onAttack
7,189,14.377,onAttack
7,190,9.359,onAttack
7,191,9.452,onAttack
7,192,42.363,onAttack
7,193,9.617,onAttack
7,194,11.595,onAttack
7,195,12.058,onAttack
7,196,8.182,onAttack
7,197,9.485,onAttack
7,198,9.368,onAttack
7,199,9.444,onAttack
7,200,9.612,onAttack
8,1,10.379,onAttack
8,2,9.421,onAttack
8,3,9.520,onAttack
8,4,9.262,onAttack
8,5,9.399,onAttack
8,6,11.089,onAttack
8,7,10.580,onAttack
8,8,10.439,onAttack
8,9,10.653,onAttack
8,10,13.211,onAttack
8,11,9.340,onAttack
8,12,10.649,onAttack
8,13,10.352,onAttack
8,14,9.397,onAttack
8,15,10.701,onAttack
8,16,9.597,onAttack
8,17,9.329,onAttack
8,18,9.467,onAttack
8,19,9.340,onAttack
8,20,9.481,onAttack
8,21,10.398,onAttack
8,22,12.545,onAttack
8,23,9.511,onAttack
8,24,10.779,onAttack
8,25,10.498,onAttack
8,26,18.211,onAttack
8,27,9.509,onAttack
8,28,10.553,onAttack
8,29,9.555,onAttack
8,30,10.721,onAttack
8,31,10.026,onAttack
8,32,11.713,onAttack
8,33,9.660,onAttack
8,34,10.466,onAttack
8,35,13.095,onAttack
8,36,21.603,onAttack
8,37,11.539,onAttack
8,38,12.726,onAttack
8,39,17.205,onAttack
8,40,12.740,onAttack
8,41,17.073,onAttack
8,42,9.277,onAttack
8,43,9.561,onAttack
8,44,10.486,onAttack
8,45,19.540,onAttack
8,46,9.255,onAttack
8,47,10.589,onAttack
8,48,11.194,onAttack
8,49,9.267,onAttack
8,50,9.360,onAttack
8,51,10.588,onAttack
8,52,11.166,onAttack
8,53,9.262,onAttack
8,54,9.391,onAttack
8,55,9.359,onAttack
8,56,9.357,onAttack
8,57,10.554,onAttack
8,58,12.771,onAttack
8,59,9.225,onAttack
8,60,13.283,onAttack
8,61,11.171,onAttack
8,62,9.349,onAttack
8,63,10.524,onAttack
8,64,10.405,onAttack
8,65,9.299,onAttack
8,66,9.656,onAttack
8,67,9.671,onAttack
8,68,9.517,onAttack
8,69,12.626,onAttack
8,70,10.601,onAttack
8,71,9.687,onAttack
8,72,9.452,onAttack
8,73,9.371,onAttack
8,74,13.094,onAttack
8,75,9.229,onAttack
8,76,10.446,onAttack
8,77,13.468,onAttack
8,78,9.892,onAttack
8,79,10.377,onAttack
8,80,10.175,onAttack
8,81,12.659,onAttack
8,82,9.522,onAttack
8,83,10.445,onAttack
8,84,11.228,onAttack
8,85,9.222,onAttack
8,86,10.468,onAttack
8,87,10.557,onAttack
8,88,9.499,onAttack
8,89,9.345,onAttack
8,90,10.498,onAttack
8,91,9.248,onAttack
8,92,9.646,onAttack
8,93,9.575,onAttack
8,94,9.748,onAttack
8,95,9.314,onAttack
8,96,11.170,onAttack
8,97,12.795,onAttack
8,98,9.791,onAttack
8,99,10.381,onAttack
8,100,9.303,onAttack
8,101,9.304,onAttack
8,102,9.597,onAttack
8,103,9.476,onAttack
8,104,9.213,onAttack
8,105,10.468,onAttack
8,106,10.366,onAttack
8,107,9.156,onAttack
8,108,17.516,onAttack
8,109,9.351,onAttack
8,110,12.785,onAttack
8,111,12.777,onAttack
8,112,9.413,onAttack
8,113,13.181,onAttack
8,114,12.240,onAttack
8,115,9.531,onAttack
8,116,9.146,onAttack
8,117,9.458,onAttack
8,118,9.325,onAttack
8,119,10.496,onAttack
8,120,9.382,onAttack
8,121,12.980,onAttack
8,122,10.044,onAttack
8,123,9.589,onAttack
8,124,9.599,onAttack
8,125,10.442,onAttack
8,126,9.390,onAttack
8,127,10.555,onAttack
8,128,21.172,onAttack
8,129,9.400,onAttack
8,130,9.222,onAttack
8,131,9.555,onAttack
8,132,9.295,onAttack
8,133,10.365,onAttack
8,134,9.487,onAttack
8,135,10.419,onAttack
8,136,9.296,onAttack
8,137,9.273,onAttack
8,138,10.501,onAttack
8,139,9.839,onAttack
8,140,12.739,onAttack
8,141,10.382,onAttack
8,142,12.250,onAttack
8,143,13.246,onAttack
8,144,9.254,onAttack
8,145,9.289,onAttack
8,146,9.667,onAttack
8,147,9.503,onAttack
8,148,9.778,onAttack
8,149,10.397,onAttack
8,150,10.161,onAttack
8,151,9.277,onAttack
8,152,9.256,onAttack
8,153,9.444,onAttack
8,154,12.709,onAttack
8,155,9.370,onAttack
8,156,11.770,onAttack
8,157,10.651,onAttack
8,158,26.251,onAttack
8,159,9.534,onAttack
8,160,10.335,onAttack
8,161,9.247,onAttack
8,162,9.481,onAttack
8,163,9.606,onAttack
8,164,10.657,onAttack
8,165,10.425,onAttack
8,166,9.368,onAttack
8,167,9.338,onAttack
8,168,10.534,onAttack
8,169,10.570,onAttack
8,170,10.408,onAttack
8,171,10.752,onAttack
8,172,10.570,onAttack
8,173,9.403,onAttack
8,174,10.414,onAttack
8,175,9.376,onAttack
8,176,9.470,onAttack
8,177,9.364,onAttack
8,178,10.626,onAttack
8,179,9.219,onAttack
8,180,11.282,onAttack
8,181,9.471,onAttack
8,182,9.201,onAttack
8,183,10.366,onAttack
8,184,10.423,onAttack
8,185,9.458,onAttack
8,186,9.403,onAttack
8,187,9.699,onAttack
8,188,9.573,onAttack
8,189,10.647,onAttack
8,190,10.428,onAttack
8,191,12.254,onAttack
8,192,9.596,onAttack
8,193,10.409,onAttack
8,194,9.539,onAttack
8,195,9.630,onAttack
8,196,9.288,onAttack
8,197,9.296,onAttack
8,198,9.532,onAttack
8,199,12.830,onAttack
8,200,9.386,onAttack
20%, , , 

8,1,8.618,onAttack
8,2,8.486,onAttack
8,3,8.320,onAttack
8,1,7.917,onAttack
8,2,8.390,onAttack
8,3,8.094,onAttack
8,1,7.814,onAttack
8,2,7.751,onAttack
8,3,7.738,onAttack
8,1,7.994,onAttack
8,2,7.794,onAttack
8,3,8.714,onAttack
8,1,8.906,onAttack
8,2,10.116,onAttack
8,3,9.883,onAttack
8,1,9.592,onAttack
8,2,9.531,onAttack
8,3,10.430,onAttack
8,1,12.360,onAttack
8,2,11.336,onAttack
8,3,9.615,onAttack
8,1,9.493,onAttack
8,2,9.896,onAttack
8,3,9.670,onAttack
8,1,34.678,onAttack
8,2,71.756,onAttack
8,3,112.637,onAttack
8,1,17.790,onAttack
8,2,12.914,onAttack
8,3,12.250,onAttack
8,1,13.987,onAttack
8,2,22.941,onAttack
8,1,21.876,onAttack
8,2,13.739,onAttack
8,3,12.656,onAttack
8,1,10.737,onAttack
8,2,12.722,onAttack
8,3,11.663,onAttack
8,1,11.730,onAttack
8,2,11.044,onAttack
8,3,11.686,onAttack
8,1,12.472,onAttack
8,2,27.872,onAttack
8,3,17.568,onAttack
8,1,11.116,onAttack
8,1,13.047,onAttack
8,2,13.197,onAttack
8,3,13.874,onAttack
8,1,1263.051,onAttack
8,1,30.008,onAttack
8,1,1418.328,onAttack
8,1,44.250,onAttack
8,1,17.213,onAttack
8,1,16.626,onAttack
8,1,8.415,onAttack
8,1,7.122,onAttack
8,1,7.109,onAttack
8,1,7.108,onAttack
8,1,7.108,onAttack
8,1,23.934,onAttack
8,1,14.702,onAttack
8,1,18.301,onAttack
8,1,24.776,onAttack
8,1,32.947,onAttack
8,1,20.637,onAttack
8,1,23.666,onAttack
8,1,20.030,onAttack
8,1,7.256,onAttack
8,1,7.258,onAttack
8,1,7.283,onAttack
8,1,8.519,onAttack
8,1,10.029,onAttack
8,1,10.099,onAttack
8,1,10.017,onAttack
8,1,9.936,onAttack
8,2,9.813,onAttack
8,3,10.031,onAttack
8,4,9.743,onAttack
8,5,10.612,onAttack
8,6,9.713,onAttack
8,7,9.675,onAttack
8,8,9.807,onAttack
8,9,9.969,onAttack
8,10,9.941,onAttack
8,1,8.544,onAttack
8,2,9.357,onAttack
8,3,8.679,onAttack
8,4,9.143,onAttack
8,5,8.824,onAttack
8,6,9.164,onAttack
8,1,9.108,onAttack
8,2,9.501,onAttack
8,3,9.404,onAttack
8,4,9.177,onAttack
8,5,9.211,onAttack
8,6,8.502,onAttack
8,7,9.187,onAttack
8,8,9.087,onAttack
8,9,9.220,onAttack
8,10,8.519,onAttack
8,1,9.154,onAttack
8,2,9.229,onAttack
8,3,8.335,onAttack
8,4,9.228,onAttack
8,5,9.128,onAttack
8,6,8.406,onAttack
8,7,9.276,onAttack
8,8,9.317,onAttack
8,9,9.662,onAttack
8,10,9.494,onAttack
8,11,25.131,onAttack
8,12,19.342,onAttack
8,13,16.760,onAttack
8,14,33.202,onAttack
8,15,19.985,onAttack
8,16,17.907,onAttack
8,17,21.932,onAttack
8,18,22.119,onAttack
8,19,21.746,onAttack
8,20,26.768,onAttack
8,11,36.228,onAttack
8,12,40.004,onAttack
8,13,32.780,onAttack
8,14,24.080,onAttack
8,15,33.250,onAttack
8,16,22.253,onAttack
8,17,424.694,onAttack
8,18,21.285,onAttack
8,19,14.235,onAttack
8,20,13.505,onAttack
8,21,30.714,onAttack
8,21,21.798,onAttack
8,21,15.571,onAttack
8,21,10.403,onAttack
8,21,16.603,onAttack
8,11,20.948,onAttack
