8,0,11.328,onAttack
8,1,13.378,onAttack
8,2,19.965,onAttack
8,3,11.413,onAttack
8,4,11.104,onAttack
8,5,11.452,onAttack
8,6,12.171,onAttack
8,7,12.248,onAttack
8,8,11.939,onAttack
8,9,12.231,onAttack
8,10,11.225,onAttack
8,11,11.310,onAttack
8,12,11.437,onAttack
8,13,12.123,onAttack
8,14,11.496,onAttack
8,15,13.334,onAttack
8,16,12.107,onAttack
8,17,11.303,onAttack
8,18,11.126,onAttack
8,19,11.437,onAttack
8,20,11.930,onAttack
8,21,14.119,onAttack
8,22,11.437,onAttack
8,23,11.514,onAttack
8,24,11.230,onAttack
8,25,11.521,onAttack
8,26,12.201,onAttack
8,27,15.858,onAttack
8,28,20.081,onAttack
8,29,11.335,onAttack
8,30,16.543,onAttack
8,31,11.453,onAttack
8,32,11.056,onAttack
8,33,12.261,onAttack
8,34,11.923,onAttack
8,35,12.202,onAttack
8,36,13.402,onAttack
8,37,11.187,onAttack
8,38,15.114,onAttack
8,39,16.179,onAttack
8,40,11.211,onAttack
8,41,13.209,onAttack
8,42,11.387,onAttack
8,43,12.024,onAttack
8,44,11.457,onAttack
8,45,11.508,onAttack
8,46,12.332,onAttack
8,47,12.001,onAttack
8,48,11.527,onAttack
8,49,11.900,onAttack
8,50,11.340,onAttack
8,51,13.422,onAttack
8,52,19.939,onAttack
8,53,12.154,onAttack
8,54,12.119,onAttack
8,55,11.223,onAttack
8,56,11.394,onAttack
8,57,11.085,onAttack
8,58,11.991,onAttack
8,59,19.120,onAttack
8,60,11.879,onAttack
8,61,12.042,onAttack
8,62,12.230,onAttack
8,63,15.286,onAttack
8,64,11.149,onAttack
8,65,16.011,onAttack
8,66,12.019,onAttack
8,67,14.222,onAttack
8,68,11.473,onAttack
8,69,13.097,onAttack
8,70,12.260,onAttack
8,71,12.142,onAttack
8,72,11.351,onAttack
8,73,13.145,onAttack
8,74,16.075,onAttack
8,75,12.145,onAttack
8,76,24.492,onAttack
8,77,13.335,onAttack
8,78,11.021,onAttack
8,79,11.449,onAttack
8,80,17.094,onAttack
8,81,11.507,onAttack
8,82,11.878,onAttack
8,83,12.017,onAttack
8,84,11.979,onAttack
8,85,13.017,onAttack
8,86,12.034,onAttack
8,87,11.187,onAttack
8,88,11.254,onAttack
8,89,11.162,onAttack
8,90,11.160,onAttack
8,91,12.320,onAttack
8,92,16.886,onAttack
8,93,11.210,onAttack
8,94,13.166,onAttack
8,95,11.899,onAttack
8,96,11.364,onAttack
8,97,12.238,onAttack
8,98,12.176,onAttack
8,99,12.108,onAttack
8,0,13.755,onAttack
8,1,11.692,onAttack
8,2,11.880,onAttack
8,3,15.474,onAttack
8,4,11.430,onAttack
8,5,11.139,onAttack
8,6,11.907,onAttack
8,7,12.813,onAttack
8,8,15.737,onAttack
8,9,12.107,onAttack
8,10,11.364,onAttack
8,11,15.893,onAttack
8,12,11.968,onAttack
8,13,15.792,onAttack
8,14,11.690,onAttack
8,15,12.684,onAttack
8,16,12.747,onAttack
8,17,11.069,onAttack
8,18,12.114,onAttack
8,19,10.945,onAttack
8,20,11.976,onAttack
8,21,14.639,onAttack
8,22,14.992,onAttack
8,23,15.598,onAttack
8,24,12.155,onAttack
8,25,11.988,onAttack
8,26,11.633,onAttack
8,27,11.840,onAttack
8,28,11.998,onAttack
8,29,13.765,onAttack
8,30,15.191,onAttack
8,31,12.048,onAttack
8,32,12.015,onAttack
8,33,11.815,onAttack
8,34,13.182,onAttack
8,35,12.091,onAttack
8,36,11.724,onAttack
8,37,12.209,onAttack
8,38,13.756,onAttack
8,39,13.937,onAttack
8,40,12.664,onAttack
8,41,12.068,onAttack
8,42,13.016,onAttack
8,43,12.053,onAttack
8,44,12.791,onAttack
8,45,12.687,onAttack
8,46,11.970,onAttack
8,47,12.772,onAttack
8,48,12.120,onAttack
8,49,11.754,onAttack
8,50,11.886,onAttack
8,51,12.148,onAttack
8,52,11.230,onAttack
8,53,12.217,onAttack
8,54,12.795,onAttack
8,55,12.992,onAttack
8,56,16.934,onAttack
8,57,11.798,onAttack
8,58,19.413,onAttack
8,59,12.080,onAttack
8,60,12.838,onAttack
8,61,11.255,onAttack
8,62,13.002,onAttack
8,63,11.189,onAttack
8,64,17.335,onAttack
8,65,11.871,onAttack
8,66,11.933,onAttack
8,67,14.839,onAttack
8,68,11.612,onAttack
8,69,11.243,onAttack
8,70,13.022,onAttack
8,71,12.978,onAttack
8,72,12.048,onAttack
8,73,11.930,onAttack
8,74,11.931,onAttack
8,75,11.848,onAttack
8,76,12.083,onAttack
8,77,12.086,onAttack
8,78,15.552,onAttack
8,79,11.693,onAttack
8,80,11.808,onAttack
8,81,12.222,onAttack
8,82,11.803,onAttack
8,83,12.025,onAttack
8,84,14.701,onAttack
8,85,14.984,onAttack
8,86,13.850,onAttack
8,87,11.261,onAttack
8,88,12.244,onAttack
8,89,15.524,onAttack
8,90,14.074,onAttack
8,91,13.076,onAttack
8,92,47.316,onAttack
8,93,11.989,onAttack
8,94,11.792,onAttack
8,95,12.204,onAttack
8,96,11.857,onAttack
8,97,11.981,onAttack
8,98,12.644,onAttack
8,99,12.246,onAttack
8,0,16.138,onAttack
8,1,11.362,onAttack
8,2,27.425,onAttack
8,3,16.686,onAttack
8,4,28.544,onAttack
8,5,12.020,onAttack
8,6,12.150,onAttack
8,7,19.471,onAttack
8,8,11.210,onAttack
8,9,12.191,onAttack
8,10,12.037,onAttack
8,11,11.225,onAttack
8,12,12.059,onAttack
8,13,16.589,onAttack
8,14,11.699,onAttack
8,15,12.023,onAttack
8,16,26.559,onAttack
8,17,11.927,onAttack
8,18,12.094,onAttack
8,19,26.448,onAttack
8,20,12.063,onAttack
8,21,12.941,onAttack
8,22,12.037,onAttack
8,23,12.221,onAttack
8,24,11.972,onAttack
8,25,20.822,onAttack
8,26,13.052,onAttack
8,27,12.779,onAttack
8,28,12.161,onAttack
8,29,12.963,onAttack
8,30,12.245,onAttack
8,31,17.590,onAttack
8,32,12.261,onAttack
8,33,21.751,onAttack
8,34,15.625,onAttack
8,35,16.251,onAttack
8,36,11.390,onAttack
8,37,11.246,onAttack
8,38,11.251,onAttack
8,39,29.054,onAttack
8,40,12.159,onAttack
8,41,12.299,onAttack
8,42,25.649,onAttack
8,43,11.393,onAttack
8,44,11.441,onAttack
8,45,12.218,onAttack
8,46,10.891,onAttack
8,47,11.061,onAttack
8,48,11.085,onAttack
8,49,11.325,onAttack
8,50,11.340,onAttack
8,51,20.517,onAttack
8,52,12.966,onAttack
8,53,12.097,onAttack
8,54,12.217,onAttack
8,55,12.122,onAttack
8,56,13.313,onAttack
8,57,11.194,onAttack
8,58,12.360,onAttack
8,59,11.308,onAttack
8,60,11.095,onAttack
8,61,11.808,onAttack
8,62,13.115,onAttack
8,63,13.857,onAttack
8,64,12.110,onAttack
8,65,12.848,onAttack
8,66,13.101,onAttack
8,67,11.960,onAttack
8,68,12.956,onAttack
8,69,11.385,onAttack
8,70,14.912,onAttack
8,71,12.096,onAttack
8,72,15.828,onAttack
8,73,11.351,onAttack
8,74,11.299,onAttack
8,75,11.930,onAttack
8,76,15.813,onAttack
8,77,12.951,onAttack
8,78,11.838,onAttack
8,79,11.172,onAttack
8,80,12.029,onAttack
8,81,12.294,onAttack
8,82,12.241,onAttack
8,83,11.265,onAttack
8,84,12.326,onAttack
8,85,11.172,onAttack
8,86,11.276,onAttack
8,87,11.825,onAttack
8,88,12.139,onAttack
8,89,12.114,onAttack
8,90,13.075,onAttack
8,91,12.876,onAttack
8,92,15.076,onAttack
8,93,11.929,onAttack
8,94,12.907,onAttack
8,95,12.018,onAttack
8,96,11.320,onAttack
8,97,12.142,onAttack
8,98,14.377,onAttack
8,99,12.089,onAttack
1,0,1.240,onAttack
1,1,1.381,onAttack
1,2,1.243,onAttack
1,3,1.242,onAttack
1,4,1.241,onAttack
1,5,1.473,onAttack
1,6,1.261,onAttack
1,7,1.258,onAttack
1,8,1.245,onAttack
1,9,5.291,onAttack
1,10,1.267,onAttack
1,11,1.284,onAttack
1,12,1.383,onAttack
1,13,1.254,onAttack
1,14,1.248,onAttack
1,15,1.242,onAttack
1,16,1.330,onAttack
1,17,1.238,onAttack
1,18,1.340,onAttack
1,19,1.400,onAttack
1,20,21.802,onAttack
1,21,1.400,onAttack
1,22,1.275,onAttack
1,23,1.310,onAttack
1,24,1.403,onAttack
1,1,1.250,onAttack
1,2,2.461,onAttack
1,3,1.256,onAttack
1,4,1.242,onAttack
1,5,1.276,onAttack
1,6,17.936,onAttack
1,7,1.251,onAttack
1,8,1.285,onAttack
1,9,1.291,onAttack
1,10,1.506,onAttack
1,11,1.240,onAttack
1,12,1.344,onAttack
1,13,1.166,onAttack
1,14,1.005,onAttack
1,15,79.062,onAttack
1,16,1.301,onAttack
1,17,1.485,onAttack
1,18,1.247,onAttack
1,19,1.246,onAttack
1,20,1.314,onAttack
1,21,1.374,onAttack
1,22,1.241,onAttack
1,23,1.252,onAttack
1,24,1.257,onAttack
1,25,2.416,onAttack
1,26,1.243,onAttack
1,27,1.487,onAttack
1,28,1.247,onAttack
1,29,1.300,onAttack
1,30,1.239,onAttack
1,31,1.647,onAttack
1,32,1.533,onAttack
1,33,1.243,onAttack
1,34,1.360,onAttack
1,35,1.277,onAttack
1,36,1.003,onAttack
1,37,1.279,onAttack
1,38,1.625,onAttack
1,39,1.499,onAttack
1,40,1.306,onAttack
1,41,1.276,onAttack
1,42,1.310,onAttack
1,43,1.436,onAttack
1,44,1.241,onAttack
1,45,1.277,onAttack
1,46,1.395,onAttack
1,47,1.395,onAttack
1,48,1.253,onAttack
1,49,1.234,onAttack
1,50,1.302,onAttack
1,51,1.238,onAttack
1,52,2.606,onAttack
1,53,1.300,onAttack
1,54,1.598,onAttack
1,55,1.324,onAttack
1,56,1.388,onAttack
1,57,1.366,onAttack
1,58,1.486,onAttack
1,59,1.259,onAttack
1,60,1.344,onAttack
1,61,3.349,onAttack
1,62,1.253,onAttack
1,63,1.416,onAttack
1,64,11.374,onAttack
1,65,1.233,onAttack
1,66,1.242,onAttack
1,67,1.478,onAttack
1,68,1.576,onAttack
1,69,1.232,onAttack
1,70,5.327,onAttack
1,71,1.236,onAttack
1,72,1.408,onAttack
1,73,1.412,onAttack
1,74,1.241,onAttack
1,75,1.270,onAttack
1,76,1.331,onAttack
1,77,1.309,onAttack
1,78,1.310,onAttack
1,79,1.782,onAttack
1,80,1.242,onAttack
1,81,1.403,onAttack
1,82,1.220,onAttack
1,83,1.256,onAttack
1,84,1.260,onAttack
1,85,1.227,onAttack
1,86,1.246,onAttack
1,87,1.320,onAttack
1,88,1.404,onAttack
1,89,1.238,onAttack
1,90,1.292,onAttack
1,91,1.249,onAttack
1,92,1.249,onAttack
1,93,1.232,onAttack
1,94,1.307,onAttack
1,95,1.231,onAttack
1,96,1.355,onAttack
1,97,1.249,onAttack
1,98,1.237,onAttack
1,99,1.243,onAttack
1,100,1.221,onAttack
2,1,2.456,onAttack
2,2,2.719,onAttack
2,3,2.650,onAttack
2,4,4.574,onAttack
2,5,2.442,onAttack
2,6,2.448,onAttack
2,7,2.655,onAttack
2,8,2.583,onAttack
2,9,2.667,onAttack
2,10,2.594,onAttack
2,11,2.599,onAttack
2,12,3.674,onAttack
2,13,2.749,onAttack
2,14,2.566,onAttack
2,15,2.684,onAttack
2,16,2.522,onAttack
2,17,4.213,onAttack
2,18,2.549,onAttack
2,19,2.733,onAttack
2,20,2.482,onAttack
2,21,2.661,onAttack
2,22,2.474,onAttack
2,23,2.760,onAttack
2,24,2.609,onAttack
2,25,2.478,onAttack
2,26,2.483,onAttack
2,27,2.588,onAttack
2,28,6.304,onAttack
2,29,2.473,onAttack
2,30,2.726,onAttack
2,31,6.485,onAttack
2,32,2.517,onAttack
2,33,3.113,onAttack
2,34,2.715,onAttack
2,35,2.686,onAttack
2,36,6.221,onAttack
2,37,2.621,onAttack
2,38,2.670,onAttack
2,39,3.329,onAttack
2,40,3.707,onAttack
2,41,2.509,onAttack
2,42,2.475,onAttack
2,43,2.629,onAttack
2,44,2.450,onAttack
2,45,2.664,onAttack
2,46,3.196,onAttack
2,47,2.619,onAttack
2,48,18.962,onAttack
2,49,2.520,onAttack
2,50,4.395,onAttack
2,51,2.578,onAttack
2,52,2.609,onAttack
2,53,2.518,onAttack
2,54,2.769,onAttack
2,55,18.850,onAttack
2,56,2.599,onAttack
2,57,2.446,onAttack
2,58,2.505,onAttack
2,59,2.673,onAttack
2,60,2.696,onAttack
2,61,3.043,onAttack
2,62,2.539,onAttack
2,63,2.740,onAttack
2,64,3.563,onAttack
2,65,2.755,onAttack
2,66,3.161,onAttack
2,67,2.600,onAttack
2,68,2.420,onAttack
2,69,2.647,onAttack
2,70,2.608,onAttack
2,71,2.587,onAttack
2,72,2.489,onAttack
2,73,2.687,onAttack
2,74,2.528,onAttack
2,75,6.572,onAttack
2,76,3.361,onAttack
2,77,2.533,onAttack
2,78,2.665,onAttack
2,79,2.669,onAttack
2,80,3.364,onAttack
2,81,3.290,onAttack
2,82,2.439,onAttack
2,83,3.339,onAttack
2,84,2.864,onAttack
2,85,2.761,onAttack
2,86,7.129,onAttack
2,87,2.768,onAttack
2,88,3.518,onAttack
2,89,6.904,onAttack
2,90,2.641,onAttack
2,91,35.264,onAttack
2,92,3.228,onAttack
2,93,2.507,onAttack
2,94,2.710,onAttack
2,95,2.676,onAttack
2,96,2.687,onAttack
2,97,2.634,onAttack
2,98,2.493,onAttack
2,99,2.552,onAttack
2,100,2.466,onAttack
3,1,5.145,onAttack
3,2,4.351,onAttack
3,3,4.423,onAttack
3,4,4.270,onAttack
3,5,4.378,onAttack
3,6,4.344,onAttack
3,7,4.321,onAttack
3,8,4.460,onAttack
3,9,4.412,onAttack
3,10,3.680,onAttack
3,11,4.585,onAttack
3,12,4.265,onAttack
3,13,4.340,onAttack
3,14,5.414,onAttack
3,15,3.719,onAttack
3,16,4.348,onAttack
3,17,9.154,onAttack
3,18,4.384,onAttack
3,19,4.282,onAttack
3,20,3.735,onAttack
3,21,4.342,onAttack
3,22,4.284,onAttack
3,23,8.185,onAttack
3,24,4.196,onAttack
3,25,4.486,onAttack
3,26,4.326,onAttack
3,27,4.170,onAttack
3,28,4.872,onAttack
3,29,4.171,onAttack
3,30,4.224,onAttack
3,31,4.270,onAttack
3,32,4.605,onAttack
3,33,8.456,onAttack
3,34,4.179,onAttack
3,35,4.368,onAttack
3,36,4.173,onAttack
3,37,13.155,onAttack
3,38,5.656,onAttack
3,39,5.280,onAttack
3,40,4.301,onAttack
3,41,3.740,onAttack
3,42,4.199,onAttack
3,43,5.064,onAttack
3,44,6.142,onAttack
3,45,4.218,onAttack
3,46,4.383,onAttack
3,47,4.466,onAttack
3,48,4.248,onAttack
3,49,4.187,onAttack
3,50,4.323,onAttack
3,51,8.055,onAttack
3,52,4.410,onAttack
3,53,4.460,onAttack
3,54,4.356,onAttack
3,55,4.472,onAttack
3,56,4.215,onAttack
3,57,4.296,onAttack
3,58,4.442,onAttack
3,59,6.287,onAttack
3,60,4.566,onAttack
3,61,4.382,onAttack
3,62,4.215,onAttack
3,63,4.652,onAttack
3,64,4.217,onAttack
3,65,4.394,onAttack
3,66,3.663,onAttack
3,67,4.280,onAttack
3,68,4.160,onAttack
3,69,5.267,onAttack
3,70,3.801,onAttack
3,71,4.406,onAttack
3,72,4.260,onAttack
3,73,4.269,onAttack
3,74,4.431,onAttack
3,75,4.342,onAttack
3,76,4.245,onAttack
3,77,4.316,onAttack
3,78,4.248,onAttack
3,79,4.352,onAttack
3,80,5.949,onAttack
3,81,4.214,onAttack
3,82,4.536,onAttack
3,83,4.456,onAttack
3,84,5.212,onAttack
3,85,4.313,onAttack
3,86,4.105,onAttack
3,87,4.496,onAttack
3,88,5.457,onAttack
3,89,4.136,onAttack
3,90,4.153,onAttack
3,91,4.086,onAttack
3,92,4.654,onAttack
3,93,3.897,onAttack
3,94,4.245,onAttack
3,95,4.110,onAttack
3,96,3.666,onAttack
3,97,4.081,onAttack
3,98,4.369,onAttack
3,99,4.149,onAttack
3,100,4.294,onAttack
4,1,5.514,onAttack
4,2,5.512,onAttack
4,3,5.446,onAttack
4,4,5.341,onAttack
4,5,5.644,onAttack
4,6,5.434,onAttack
4,7,5.572,onAttack
4,8,6.337,onAttack
4,9,6.264,onAttack
4,10,6.079,onAttack
4,11,6.017,onAttack
4,12,5.536,onAttack
4,13,5.634,onAttack
4,14,6.393,onAttack
4,15,5.426,onAttack
4,16,5.614,onAttack
4,17,5.389,onAttack
4,18,6.362,onAttack
4,19,10.080,onAttack
4,20,6.129,onAttack
4,21,6.148,onAttack
4,22,5.635,onAttack
4,23,6.320,onAttack
4,24,5.598,onAttack
4,25,5.572,onAttack
4,26,6.283,onAttack
4,27,5.448,onAttack
4,28,6.111,onAttack
4,29,6.088,onAttack
4,30,5.559,onAttack
4,31,5.627,onAttack
4,32,5.650,onAttack
4,33,5.364,onAttack
4,34,5.443,onAttack
4,35,6.129,onAttack
4,36,5.532,onAttack
4,37,6.154,onAttack
4,38,5.401,onAttack
4,39,5.440,onAttack
4,40,5.489,onAttack
4,41,5.601,onAttack
4,42,5.585,onAttack
4,43,6.440,onAttack
4,44,5.551,onAttack
4,45,5.605,onAttack
4,46,5.428,onAttack
4,47,37.254,onAttack
4,48,6.183,onAttack
4,49,5.478,onAttack
4,50,21.589,onAttack
4,51,5.628,onAttack
4,52,5.503,onAttack
4,53,5.602,onAttack
4,54,5.479,onAttack
4,55,7.154,onAttack
4,56,5.557,onAttack
4,57,5.408,onAttack
4,58,5.553,onAttack
4,59,5.285,onAttack
4,60,6.072,onAttack
4,61,39.040,onAttack
4,62,5.569,onAttack
4,63,5.603,onAttack
4,64,6.534,onAttack
4,65,5.687,onAttack
4,66,5.672,onAttack
4,67,6.006,onAttack
4,68,5.566,onAttack
4,69,13.184,onAttack
4,70,14.084,onAttack
4,71,5.606,onAttack
4,72,5.543,onAttack
4,73,6.307,onAttack
4,74,6.332,onAttack
4,75,6.280,onAttack
4,76,5.618,onAttack
4,77,7.371,onAttack
4,78,6.548,onAttack
4,79,5.373,onAttack
4,80,6.261,onAttack
4,81,5.996,onAttack
4,82,5.529,onAttack
4,83,5.361,onAttack
4,84,5.510,onAttack
4,85,6.311,onAttack
4,86,9.296,onAttack
4,87,5.395,onAttack
4,88,5.526,onAttack
4,89,6.159,onAttack
4,90,6.085,onAttack
4,91,6.037,onAttack
4,92,5.521,onAttack
4,93,73.712,onAttack
4,94,6.181,onAttack
4,95,6.414,onAttack
4,96,5.548,onAttack
4,97,6.202,onAttack
4,98,5.964,onAttack
4,99,5.576,onAttack
4,100,6.273,onAttack
5,1,7.432,onAttack
5,2,8.093,onAttack
5,3,7.567,onAttack
5,4,7.032,onAttack
5,5,7.429,onAttack
5,6,8.103,onAttack
5,7,7.932,onAttack
5,8,7.186,onAttack
5,9,8.508,onAttack
5,10,11.104,onAttack
5,11,7.366,onAttack
5,12,7.197,onAttack
5,13,7.190,onAttack
5,14,8.182,onAttack
5,15,7.304,onAttack
5,16,7.522,onAttack
5,17,7.460,onAttack
5,18,7.293,onAttack
5,19,7.051,onAttack
5,20,7.183,onAttack
5,21,7.336,onAttack
5,22,10.348,onAttack
5,23,8.219,onAttack
5,24,15.811,onAttack
5,25,7.360,onAttack
5,26,6.706,onAttack
5,27,7.413,onAttack
5,28,7.022,onAttack
5,29,7.307,onAttack
5,30,7.462,onAttack
5,31,6.915,onAttack
5,32,6.997,onAttack
5,33,7.244,onAttack
5,34,7.257,onAttack
5,35,6.573,onAttack
5,36,7.333,onAttack
5,37,7.221,onAttack
5,38,10.213,onAttack
5,39,7.367,onAttack
5,40,7.535,onAttack
5,41,11.113,onAttack
5,42,7.234,onAttack
5,43,7.075,onAttack
5,44,7.395,onAttack
5,45,7.178,onAttack
5,46,8.065,onAttack
5,47,7.085,onAttack
5,48,7.414,onAttack
5,49,7.161,onAttack
5,50,7.055,onAttack
5,51,7.289,onAttack
5,52,9.004,onAttack
5,53,7.217,onAttack
5,54,8.474,onAttack
5,55,7.293,onAttack
5,56,7.458,onAttack
5,57,7.135,onAttack
5,58,7.323,onAttack
5,59,7.286,onAttack
5,60,7.539,onAttack
5,61,7.236,onAttack
5,62,7.402,onAttack
5,63,23.774,onAttack
5,64,7.150,onAttack
5,65,7.065,onAttack
5,66,7.176,onAttack
5,67,7.138,onAttack
5,68,7.140,onAttack
5,69,4.456,onAttack
5,70,7.103,onAttack
5,71,8.306,onAttack
5,72,11.092,onAttack
5,73,7.140,onAttack
5,74,7.161,onAttack
5,75,7.297,onAttack
5,76,7.543,onAttack
5,77,7.463,onAttack
5,78,7.049,onAttack
5,79,9.285,onAttack
5,80,7.192,onAttack
5,81,7.331,onAttack
5,82,7.062,onAttack
5,83,9.902,onAttack
5,84,7.090,onAttack
5,85,7.499,onAttack
5,86,6.610,onAttack
5,87,7.366,onAttack
5,88,9.983,onAttack
5,89,7.401,onAttack
5,90,7.146,onAttack
5,91,9.037,onAttack
5,92,7.005,onAttack
5,93,7.469,onAttack
5,94,7.326,onAttack
5,95,7.287,onAttack
5,96,7.289,onAttack
5,97,7.568,onAttack
5,98,6.606,onAttack
5,99,7.450,onAttack
5,100,8.451,onAttack
6,1,8.369,onAttack
6,2,9.211,onAttack
6,3,8.456,onAttack
6,4,8.442,onAttack
6,5,10.240,onAttack
6,6,9.813,onAttack
6,7,10.015,onAttack
6,8,8.449,onAttack
6,9,8.531,onAttack
6,10,8.292,onAttack
6,11,9.098,onAttack
6,12,25.527,onAttack
6,13,9.365,onAttack
6,14,8.493,onAttack
6,15,8.872,onAttack
6,16,9.087,onAttack
6,17,9.037,onAttack
6,18,8.449,onAttack
6,19,9.142,onAttack
6,20,8.956,onAttack
6,21,10.261,onAttack
6,22,10.322,onAttack
6,23,15.880,onAttack
6,24,8.970,onAttack
6,25,11.968,onAttack
6,26,9.074,onAttack
6,27,9.173,onAttack
6,28,8.477,onAttack
6,29,12.191,onAttack
6,30,10.350,onAttack
6,31,9.283,onAttack
6,32,8.928,onAttack
6,33,10.075,onAttack
6,34,8.440,onAttack
6,35,8.319,onAttack
6,36,8.407,onAttack
6,37,8.401,onAttack
6,38,8.885,onAttack
6,39,9.039,onAttack
6,40,9.048,onAttack
6,41,9.455,onAttack
6,42,8.858,onAttack
6,43,16.034,onAttack
6,44,26.527,onAttack
6,45,8.448,onAttack
6,46,9.171,onAttack
6,47,8.492,onAttack
6,48,8.460,onAttack
6,49,8.510,onAttack
6,50,9.188,onAttack
6,51,9.014,onAttack
6,52,8.288,onAttack
6,53,8.956,onAttack
6,54,9.377,onAttack
6,55,8.394,onAttack
6,56,9.060,onAttack
6,57,9.130,onAttack
6,58,8.376,onAttack
6,59,9.025,onAttack
6,60,12.150,onAttack
6,61,16.552,onAttack
6,62,8.483,onAttack
6,63,8.160,onAttack
6,64,8.446,onAttack
6,65,8.383,onAttack
6,66,8.999,onAttack
6,67,8.993,onAttack
6,68,9.069,onAttack
6,69,9.101,onAttack
6,70,9.396,onAttack
6,71,8.433,onAttack
6,72,9.977,onAttack
6,73,9.396,onAttack
6,74,12.837,onAttack
6,75,9.116,onAttack
6,76,8.434,onAttack
6,77,8.377,onAttack
6,78,10.240,onAttack
6,79,8.305,onAttack
6,80,8.461,onAttack
6,81,9.094,onAttack
6,82,8.383,onAttack
6,83,9.293,onAttack
6,84,8.726,onAttack
6,85,9.141,onAttack
6,86,8.289,onAttack
6,87,10.371,onAttack
6,88,9.326,onAttack
6,89,8.520,onAttack
6,90,8.349,onAttack
6,91,8.309,onAttack
6,92,9.280,onAttack
6,93,9.699,onAttack
6,94,9.026,onAttack
6,95,8.431,onAttack
6,96,8.355,onAttack
6,97,8.196,onAttack
6,98,8.654,onAttack
6,99,12.923,onAttack
6,100,8.505,onAttack
7,1,10.952,onAttack
7,2,11.027,onAttack
7,3,30.396,onAttack
7,4,10.035,onAttack
7,5,11.219,onAttack
7,6,10.226,onAttack
7,7,10.429,onAttack
7,8,13.830,onAttack
7,9,11.882,onAttack
7,10,10.310,onAttack
7,11,10.118,onAttack
7,12,10.412,onAttack
7,13,10.045,onAttack
7,14,10.020,onAttack
7,15,11.168,onAttack
7,16,10.225,onAttack
7,17,10.153,onAttack
7,18,11.399,onAttack
7,19,12.790,onAttack
7,20,11.259,onAttack
7,21,10.995,onAttack
7,22,11.832,onAttack
7,23,10.093,onAttack
7,24,10.377,onAttack
7,25,12.224,onAttack
7,26,9.910,onAttack
7,27,10.231,onAttack
7,28,14.190,onAttack
7,29,10.371,onAttack
7,30,10.027,onAttack
7,31,10.833,onAttack
7,32,10.431,onAttack
7,33,10.283,onAttack
7,34,9.984,onAttack
7,35,9.528,onAttack
7,36,12.159,onAttack
7,37,13.936,onAttack
7,38,10.361,onAttack
7,39,12.269,onAttack
7,40,10.029,onAttack
7,41,10.111,onAttack
7,42,10.909,onAttack
7,43,9.950,onAttack
7,44,10.308,onAttack
7,45,10.447,onAttack
7,46,10.338,onAttack
7,47,10.070,onAttack
7,48,10.382,onAttack
7,49,10.029,onAttack
7,50,10.220,onAttack
7,51,10.033,onAttack
7,52,9.950,onAttack
7,53,10.382,onAttack
7,54,11.291,onAttack
7,55,10.103,onAttack
7,56,10.010,onAttack
7,57,10.046,onAttack
7,58,10.261,onAttack
7,59,11.266,onAttack
7,60,14.944,onAttack
7,61,10.063,onAttack
7,62,10.828,onAttack
7,63,11.009,onAttack
7,64,10.336,onAttack
7,65,10.854,onAttack
7,66,10.945,onAttack
7,67,10.864,onAttack
7,68,10.397,onAttack
7,69,10.442,onAttack
7,70,10.426,onAttack
7,71,10.064,onAttack
7,72,10.027,onAttack
7,73,10.062,onAttack
7,74,10.210,onAttack
7,75,9.941,onAttack
7,76,10.013,onAttack
7,77,10.395,onAttack
7,78,10.325,onAttack
7,79,11.235,onAttack
7,80,10.275,onAttack
7,81,11.024,onAttack
7,82,9.887,onAttack
7,83,10.295,onAttack
7,84,9.880,onAttack
7,85,10.108,onAttack
7,86,10.158,onAttack
7,87,10.012,onAttack
7,88,10.970,onAttack
7,89,10.378,onAttack
7,90,10.861,onAttack
7,91,10.396,onAttack
7,92,10.217,onAttack
7,93,10.310,onAttack
7,94,10.529,onAttack
7,95,12.117,onAttack
7,96,10.419,onAttack
7,97,11.049,onAttack
7,98,10.098,onAttack
7,99,9.908,onAttack
7,100,10.823,onAttack
8,1,11.252,onAttack
8,2,11.734,onAttack
8,3,13.197,onAttack
8,4,12.695,onAttack
8,5,11.098,onAttack
8,6,12.322,onAttack
8,7,12.021,onAttack
8,8,12.181,onAttack
8,9,12.352,onAttack
8,10,12.346,onAttack
8,11,11.980,onAttack
8,12,12.158,onAttack
8,13,11.300,onAttack
8,14,11.345,onAttack
8,15,11.362,onAttack
8,16,12.314,onAttack
8,17,11.358,onAttack
8,18,12.002,onAttack
8,19,10.901,onAttack
8,20,12.344,onAttack
8,21,15.172,onAttack
8,22,19.050,onAttack
8,23,11.188,onAttack
8,24,11.372,onAttack
8,25,11.916,onAttack
8,26,11.952,onAttack
8,27,12.352,onAttack
8,28,12.171,onAttack
8,29,12.268,onAttack
8,30,13.098,onAttack
8,31,11.846,onAttack
8,32,28.307,onAttack
8,33,11.218,onAttack
8,34,13.295,onAttack
8,35,11.102,onAttack
8,36,11.889,onAttack
8,37,13.241,onAttack
8,38,48.656,onAttack
8,39,11.307,onAttack
8,40,11.398,onAttack
8,41,11.331,onAttack
8,42,12.097,onAttack
8,43,51.389,onAttack
8,44,12.087,onAttack
8,45,13.164,onAttack
8,46,13.196,onAttack
8,47,11.331,onAttack
8,48,11.906,onAttack
8,49,56.692,onAttack
8,50,12.059,onAttack
8,51,11.840,onAttack
8,52,12.072,onAttack
8,53,15.910,onAttack
8,54,15.851,onAttack
8,55,11.888,onAttack
8,56,11.695,onAttack
8,57,15.899,onAttack
8,58,11.435,onAttack
8,59,15.705,onAttack
8,60,12.770,onAttack
8,61,15.275,onAttack
8,62,11.371,onAttack
8,63,13.126,onAttack
8,64,15.637,onAttack
8,65,12.405,onAttack
8,66,19.001,onAttack
8,67,11.884,onAttack
8,68,12.094,onAttack
8,69,12.053,onAttack
8,70,11.194,onAttack
8,71,19.458,onAttack
8,72,11.102,onAttack
8,73,12.172,onAttack
8,74,13.098,onAttack
8,75,11.315,onAttack
8,76,12.243,onAttack
8,77,11.348,onAttack
8,78,19.954,onAttack
8,79,11.896,onAttack
8,80,12.006,onAttack
8,81,11.767,onAttack
8,82,13.298,onAttack
8,83,11.821,onAttack
8,84,11.796,onAttack
8,85,11.246,onAttack
8,86,15.010,onAttack
8,87,13.942,onAttack
8,88,12.234,onAttack
8,89,12.208,onAttack
8,90,14.092,onAttack
8,91,15.124,onAttack
8,92,12.216,onAttack
8,93,12.012,onAttack
8,94,11.243,onAttack
8,95,11.243,onAttack
8,96,11.436,onAttack
8,97,11.887,onAttack
8,98,11.634,onAttack
8,99,12.019,onAttack
8,100,11.942,onAttack
1,101,1.365,onAttack
1,102,1.286,onAttack
1,103,1.239,onAttack
1,104,1.348,onAttack
1,105,1.235,onAttack
1,106,1.339,onAttack
1,107,1.264,onAttack
1,108,1.232,onAttack
1,109,1.260,onAttack
1,110,1.360,onAttack
1,111,1.468,onAttack
1,112,1.298,onAttack
1,113,8.482,onAttack
1,114,1.246,onAttack
1,115,1.428,onAttack
1,116,1.530,onAttack
1,117,1.247,onAttack
1,118,1.350,onAttack
1,119,8.491,onAttack
1,120,1.278,onAttack
1,121,1.259,onAttack
1,122,1.268,onAttack
1,123,1.235,onAttack
1,124,1.581,onAttack
1,125,18.553,onAttack
1,126,1.278,onAttack
1,127,1.237,onAttack
1,128,1.257,onAttack
1,129,1.265,onAttack
1,130,1.238,onAttack
1,131,1.531,onAttack
1,132,1.352,onAttack
1,133,1.243,onAttack
1,134,1.281,onAttack
1,135,8.415,onAttack
1,136,1.418,onAttack
1,137,1.337,onAttack
1,138,1.230,onAttack
1,139,1.218,onAttack
1,140,1.397,onAttack
1,141,8.908,onAttack
1,142,1.275,onAttack
1,143,1.424,onAttack
1,144,1.239,onAttack
1,145,2.653,onAttack
1,146,8.492,onAttack
1,147,1.261,onAttack
1,148,1.254,onAttack
1,149,1.355,onAttack
1,150,1.353,onAttack
1,151,1.240,onAttack
1,152,1.240,onAttack
1,153,1.262,onAttack
1,154,1.235,onAttack
1,155,1.341,onAttack
1,156,1.298,onAttack
1,157,1.301,onAttack
1,158,1.243,onAttack
1,159,1.405,onAttack
1,160,1.330,onAttack
1,161,1.249,onAttack
1,162,1.238,onAttack
1,163,1.242,onAttack
1,164,1.275,onAttack
1,165,1.296,onAttack
1,166,1.306,onAttack
1,167,1.349,onAttack
1,168,1.367,onAttack
1,169,1.251,onAttack
1,170,1.282,onAttack
1,171,1.260,onAttack
1,172,1.239,onAttack
1,173,1.262,onAttack
1,174,1.225,onAttack
1,175,1.238,onAttack
1,176,1.552,onAttack
1,177,1.238,onAttack
1,178,1.359,onAttack
1,179,1.237,onAttack
1,180,1.238,onAttack
1,181,1.420,onAttack
1,182,1.402,onAttack
1,183,1.538,onAttack
1,184,1.341,onAttack
1,185,1.261,onAttack
1,186,1.301,onAttack
1,187,1.240,onAttack
1,188,1.216,onAttack
1,189,1.234,onAttack
1,190,1.294,onAttack
1,191,1.366,onAttack
1,192,1.255,onAttack
1,193,1.325,onAttack
1,194,1.456,onAttack
1,195,1.262,onAttack
1,196,1.238,onAttack
1,197,1.244,onAttack
1,198,1.388,onAttack
1,199,1.735,onAttack
1,200,1.237,onAttack
2,101,2.457,onAttack
2,102,2.646,onAttack
2,103,2.428,onAttack
2,104,6.609,onAttack
2,105,2.547,onAttack
2,106,2.561,onAttack
2,107,2.496,onAttack
2,108,2.688,onAttack
2,109,2.493,onAttack
2,110,2.595,onAttack
2,111,2.450,onAttack
2,112,2.625,onAttack
2,113,3.225,onAttack
2,114,3.335,onAttack
2,115,2.511,onAttack
2,116,2.530,onAttack
2,117,2.645,onAttack
2,118,10.329,onAttack
2,119,2.663,onAttack
2,120,2.747,onAttack
2,121,2.673,onAttack
2,122,2.519,onAttack
2,123,2.547,onAttack
2,124,2.518,onAttack
2,125,2.714,onAttack
2,126,3.370,onAttack
2,127,2.661,onAttack
2,128,2.562,onAttack
2,129,4.333,onAttack
2,130,2.457,onAttack
2,131,2.512,onAttack
2,132,2.624,onAttack
2,133,2.694,onAttack
2,134,2.627,onAttack
2,135,2.645,onAttack
2,136,2.588,onAttack
2,137,2.491,onAttack
2,138,2.527,onAttack
2,139,2.444,onAttack
2,140,2.669,onAttack
2,141,2.562,onAttack
2,142,2.471,onAttack
2,143,2.528,onAttack
2,144,2.752,onAttack
2,145,2.551,onAttack
2,146,2.567,onAttack
2,147,2.596,onAttack
2,148,3.064,onAttack
2,149,2.438,onAttack
2,150,2.643,onAttack
2,151,2.469,onAttack
2,152,2.613,onAttack
2,153,2.595,onAttack
2,154,3.069,onAttack
2,155,3.694,onAttack
2,156,2.680,onAttack
2,157,2.477,onAttack
2,158,2.587,onAttack
2,159,2.620,onAttack
2,160,2.454,onAttack
2,161,2.714,onAttack
2,162,2.679,onAttack
2,163,2.531,onAttack
2,164,2.666,onAttack
2,165,2.527,onAttack
2,166,2.423,onAttack
2,167,2.448,onAttack
2,168,2.549,onAttack
2,169,2.495,onAttack
2,170,2.591,onAttack
2,171,2.470,onAttack
2,172,2.577,onAttack
2,173,2.612,onAttack
2,174,2.715,onAttack
2,175,2.746,onAttack
2,176,2.651,onAttack
2,177,2.490,onAttack
2,178,2.663,onAttack
2,179,2.648,onAttack
2,180,2.512,onAttack
2,181,2.637,onAttack
2,182,2.467,onAttack
2,183,2.730,onAttack
2,184,3.157,onAttack
2,185,2.811,onAttack
2,186,2.709,onAttack
2,187,2.658,onAttack
2,188,2.627,onAttack
2,189,20.586,onAttack
2,190,5.623,onAttack
2,191,2.557,onAttack
2,192,2.633,onAttack
2,193,2.446,onAttack
2,194,2.726,onAttack
2,195,2.734,onAttack
2,196,2.484,onAttack
2,197,2.606,onAttack
2,198,2.480,onAttack
2,199,2.500,onAttack
2,200,2.469,onAttack
3,101,4.216,onAttack
3,102,7.914,onAttack
3,103,3.668,onAttack
3,104,4.622,onAttack
3,105,4.586,onAttack
3,106,4.439,onAttack
3,107,4.290,onAttack
3,108,4.162,onAttack
3,109,3.689,onAttack
3,110,3.705,onAttack
3,111,4.325,onAttack
3,112,4.304,onAttack
3,113,4.310,onAttack
3,114,4.148,onAttack
3,115,4.532,onAttack
3,116,4.510,onAttack
3,117,3.657,onAttack
3,118,4.510,onAttack
3,119,4.282,onAttack
3,120,4.272,onAttack
3,121,5.060,onAttack
3,122,4.815,onAttack
3,123,4.236,onAttack
3,124,3.699,onAttack
3,125,4.288,onAttack
3,126,4.204,onAttack
3,127,4.427,onAttack
3,128,4.167,onAttack
3,129,4.343,onAttack
3,130,4.298,onAttack
3,131,3.904,onAttack
3,132,3.711,onAttack
3,133,7.446,onAttack
3,134,4.282,onAttack
3,135,4.228,onAttack
3,136,4.330,onAttack
3,137,4.516,onAttack
3,138,4.612,onAttack
3,139,5.646,onAttack
3,140,4.255,onAttack
3,141,4.287,onAttack
3,142,4.318,onAttack
3,143,4.397,onAttack
3,144,4.114,onAttack
3,145,4.119,onAttack
3,146,4.275,onAttack
3,147,4.155,onAttack
3,148,4.185,onAttack
3,149,4.365,onAttack
3,150,4.229,onAttack
3,151,4.301,onAttack
3,152,3.769,onAttack
3,153,4.482,onAttack
3,154,4.222,onAttack
3,155,3.844,onAttack
3,156,4.430,onAttack
3,157,4.401,onAttack
3,158,4.137,onAttack
3,159,4.304,onAttack
3,160,4.184,onAttack
3,161,4.232,onAttack
3,162,4.344,onAttack
3,163,4.277,onAttack
3,164,3.707,onAttack
3,165,4.235,onAttack
3,166,4.212,onAttack
3,167,4.176,onAttack
3,168,4.133,onAttack
3,169,4.273,onAttack
3,170,4.240,onAttack
3,171,4.173,onAttack
3,172,4.849,onAttack
3,173,4.524,onAttack
3,174,4.156,onAttack
3,175,4.620,onAttack
3,176,4.245,onAttack
3,177,4.115,onAttack
3,178,4.422,onAttack
3,179,4.660,onAttack
3,180,4.442,onAttack
3,181,4.654,onAttack
3,182,6.064,onAttack
3,183,4.384,onAttack
3,184,3.978,onAttack
3,185,4.239,onAttack
3,186,4.151,onAttack
3,187,3.707,onAttack
3,188,4.353,onAttack
3,189,4.280,onAttack
3,190,4.211,onAttack
3,191,4.572,onAttack
3,192,4.055,onAttack
3,193,4.516,onAttack
3,194,4.148,onAttack
3,195,4.205,onAttack
3,196,4.282,onAttack
3,197,4.271,onAttack
3,198,4.088,onAttack
3,199,4.374,onAttack
3,200,4.245,onAttack
4,101,5.429,onAttack
4,102,5.540,onAttack
4,103,5.446,onAttack
4,104,5.560,onAttack
4,105,6.038,onAttack
4,106,5.642,onAttack
4,107,5.618,onAttack
4,108,5.588,onAttack
4,109,10.014,onAttack
4,110,5.502,onAttack
4,111,6.159,onAttack
4,112,5.659,onAttack
4,113,15.170,onAttack
4,114,9.081,onAttack
4,115,5.542,onAttack
4,116,7.759,onAttack
4,117,6.155,onAttack
4,118,6.022,onAttack
4,119,5.520,onAttack
4,120,5.466,onAttack
4,121,6.083,onAttack
4,122,5.503,onAttack
4,123,6.155,onAttack
4,124,5.755,onAttack
4,125,5.420,onAttack
4,126,13.224,onAttack
4,127,6.177,onAttack
4,128,6.220,onAttack
4,129,5.473,onAttack
4,130,5.442,onAttack
4,131,5.499,onAttack
4,132,16.988,onAttack
4,133,5.611,onAttack
4,134,5.323,onAttack
4,135,5.518,onAttack
4,136,6.085,onAttack
4,137,6.019,onAttack
4,138,6.219,onAttack
4,139,5.491,onAttack
4,140,5.493,onAttack
4,141,6.101,onAttack
4,142,6.029,onAttack
4,143,5.333,onAttack
4,144,5.485,onAttack
4,145,6.375,onAttack
4,146,5.484,onAttack
4,147,5.414,onAttack
4,148,5.340,onAttack
4,149,6.342,onAttack
4,150,5.507,onAttack
4,151,6.251,onAttack
4,152,6.106,onAttack
4,153,5.442,onAttack
4,154,5.403,onAttack
4,155,5.529,onAttack
4,156,5.568,onAttack
4,157,5.343,onAttack
4,158,5.463,onAttack
4,159,5.568,onAttack
4,160,7.545,onAttack
4,161,5.593,onAttack
4,162,5.633,onAttack
4,163,6.411,onAttack
4,164,5.423,onAttack
4,165,6.582,onAttack
4,166,6.545,onAttack
4,167,5.693,onAttack
4,168,5.380,onAttack
4,169,5.185,onAttack
4,170,5.449,onAttack
4,171,6.120,onAttack
4,172,6.120,onAttack
4,173,5.254,onAttack
4,174,5.575,onAttack
4,175,5.204,onAttack
4,176,5.672,onAttack
4,177,9.257,onAttack
4,178,5.374,onAttack
4,179,6.160,onAttack
4,180,5.500,onAttack
4,181,5.458,onAttack
4,182,5.585,onAttack
4,183,5.425,onAttack
4,184,10.077,onAttack
4,185,23.700,onAttack
4,186,5.441,onAttack
4,187,5.433,onAttack
4,188,6.005,onAttack
4,189,5.666,onAttack
4,190,6.387,onAttack
4,191,14.162,onAttack
4,192,5.441,onAttack
4,193,6.201,onAttack
4,194,21.883,onAttack
4,195,7.972,onAttack
4,196,7.440,onAttack
4,197,5.629,onAttack
4,198,5.366,onAttack
4,199,8.997,onAttack
4,200,6.203,onAttack
5,101,21.740,onAttack
5,102,7.427,onAttack
5,103,9.235,onAttack
5,104,8.647,onAttack
5,105,7.456,onAttack
5,106,7.445,onAttack
5,107,7.265,onAttack
5,108,8.184,onAttack
5,109,7.381,onAttack
5,110,7.080,onAttack
5,111,24.598,onAttack
5,112,7.126,onAttack
5,113,8.406,onAttack
5,114,12.885,onAttack
5,115,7.247,onAttack
5,116,7.195,onAttack
5,117,7.291,onAttack
5,118,7.476,onAttack
5,119,9.205,onAttack
5,120,7.111,onAttack
5,121,8.489,onAttack
5,122,7.239,onAttack
5,123,7.313,onAttack
5,124,11.285,onAttack
5,125,6.610,onAttack
5,126,9.359,onAttack
5,127,7.200,onAttack
5,128,10.554,onAttack
5,129,7.266,onAttack
5,130,7.102,onAttack
5,131,7.143,onAttack
5,132,6.545,onAttack
5,133,7.293,onAttack
5,134,7.861,onAttack
5,135,7.123,onAttack
5,136,8.710,onAttack
5,137,7.373,onAttack
5,138,6.574,onAttack
5,139,7.543,onAttack
5,140,31.506,onAttack
5,141,7.267,onAttack
5,142,8.738,onAttack
5,143,6.987,onAttack
5,144,7.362,onAttack
5,145,7.181,onAttack
5,146,7.201,onAttack
5,147,7.021,onAttack
5,148,7.156,onAttack
5,149,7.462,onAttack
5,150,9.026,onAttack
5,151,7.333,onAttack
5,152,7.465,onAttack
5,153,7.207,onAttack
5,154,7.474,onAttack
5,155,7.093,onAttack
5,156,7.343,onAttack
5,157,7.085,onAttack
5,158,7.034,onAttack
5,159,7.411,onAttack
5,160,7.274,onAttack
5,161,7.550,onAttack
5,162,7.215,onAttack
5,163,7.200,onAttack
5,164,7.305,onAttack
5,165,7.013,onAttack
5,166,7.110,onAttack
5,167,7.482,onAttack
5,168,7.335,onAttack
5,169,7.097,onAttack
5,170,7.226,onAttack
5,171,7.189,onAttack
5,172,9.344,onAttack
5,173,7.523,onAttack
5,174,7.170,onAttack
5,175,7.094,onAttack
5,176,18.775,onAttack
5,177,7.008,onAttack
5,178,7.058,onAttack
5,179,7.558,onAttack
5,180,7.140,onAttack
5,181,7.477,onAttack
5,182,7.283,onAttack
5,183,7.389,onAttack
5,184,7.216,onAttack
5,185,7.226,onAttack
5,186,7.238,onAttack
5,187,7.372,onAttack
5,188,7.371,onAttack
5,189,7.431,onAttack
5,190,7.210,onAttack
5,191,7.304,onAttack
5,192,7.383,onAttack
5,193,7.058,onAttack
5,194,6.912,onAttack
5,195,7.258,onAttack
5,196,7.086,onAttack
5,197,7.520,onAttack
5,198,8.155,onAttack
5,199,8.178,onAttack
5,200,7.011,onAttack
6,101,8.950,onAttack
6,102,10.365,onAttack
6,103,8.292,onAttack
6,104,8.059,onAttack
6,105,9.450,onAttack
6,106,16.735,onAttack
6,107,9.366,onAttack
6,108,10.100,onAttack
6,109,8.647,onAttack
6,110,9.178,onAttack
6,111,10.312,onAttack
6,112,8.248,onAttack
6,113,8.405,onAttack
6,114,9.127,onAttack
6,115,8.468,onAttack
6,116,9.000,onAttack
6,117,8.288,onAttack
6,118,8.366,onAttack
6,119,9.109,onAttack
6,120,8.319,onAttack
6,121,9.405,onAttack
6,122,8.295,onAttack
6,123,9.066,onAttack
6,124,8.518,onAttack
6,125,10.029,onAttack
6,126,8.259,onAttack
6,127,8.274,onAttack
6,128,8.231,onAttack
6,129,8.212,onAttack
6,130,9.291,onAttack
6,131,8.431,onAttack
6,132,10.011,onAttack
6,133,10.344,onAttack
6,134,8.982,onAttack
6,135,9.866,onAttack
6,136,8.372,onAttack
6,137,8.486,onAttack
6,138,8.120,onAttack
6,139,9.155,onAttack
6,140,10.320,onAttack
6,141,8.407,onAttack
6,142,8.376,onAttack
6,143,8.419,onAttack
6,144,9.401,onAttack
6,145,8.409,onAttack
6,146,8.408,onAttack
6,147,12.981,onAttack
6,148,9.312,onAttack
6,149,8.950,onAttack
6,150,9.166,onAttack
6,151,8.817,onAttack
6,152,8.367,onAttack
6,153,9.025,onAttack
6,154,9.173,onAttack
6,155,9.217,onAttack
6,156,9.103,onAttack
6,157,9.055,onAttack
6,158,9.017,onAttack
6,159,9.305,onAttack
6,160,10.423,onAttack
6,161,8.331,onAttack
6,162,8.878,onAttack
6,163,12.807,onAttack
6,164,12.200,onAttack
6,165,9.063,onAttack
6,166,8.227,onAttack
6,167,9.054,onAttack
6,168,9.477,onAttack
6,169,8.361,onAttack
6,170,9.037,onAttack
6,171,9.227,onAttack
6,172,8.325,onAttack
6,173,8.436,onAttack
6,174,8.438,onAttack
6,175,8.289,onAttack
6,176,10.346,onAttack
6,177,8.486,onAttack
6,178,8.479,onAttack
6,179,8.191,onAttack
6,180,8.357,onAttack
6,181,9.205,onAttack
6,182,9.270,onAttack
6,183,9.153,onAttack
6,184,8.972,onAttack
6,185,9.008,onAttack
6,186,8.341,onAttack
6,187,8.385,onAttack
6,188,9.211,onAttack
6,189,9.310,onAttack
6,190,9.942,onAttack
6,191,10.047,onAttack
6,192,10.360,onAttack
6,193,8.945,onAttack
6,194,11.095,onAttack
6,195,9.397,onAttack
6,196,9.051,onAttack
6,197,8.192,onAttack
6,198,10.640,onAttack
6,199,9.296,onAttack
6,200,9.004,onAttack
7,101,10.215,onAttack
7,102,10.107,onAttack
7,103,10.055,onAttack
7,104,10.129,onAttack
7,105,12.951,onAttack
7,106,10.360,onAttack
7,107,10.700,onAttack
7,108,10.192,onAttack
7,109,10.228,onAttack
7,110,10.964,onAttack
7,111,10.276,onAttack
7,112,10.417,onAttack
7,113,10.987,onAttack
7,114,9.642,onAttack
7,115,10.247,onAttack
7,116,14.052,onAttack
7,117,9.940,onAttack
7,118,10.047,onAttack
7,119,10.104,onAttack
7,120,9.926,onAttack
7,121,11.129,onAttack
7,122,10.240,onAttack
7,123,10.080,onAttack
7,124,10.351,onAttack
7,125,10.924,onAttack
7,126,11.075,onAttack
7,127,11.815,onAttack
7,128,9.885,onAttack
7,129,9.449,onAttack
7,130,10.257,onAttack
7,131,10.224,onAttack
7,132,10.341,onAttack
7,133,10.301,onAttack
7,134,10.234,onAttack
7,135,11.135,onAttack
7,136,12.112,onAttack
7,137,9.946,onAttack
7,138,10.341,onAttack
7,139,10.159,onAttack
7,140,10.061,onAttack
7,141,10.094,onAttack
7,142,10.943,onAttack
7,143,12.258,onAttack
7,144,10.349,onAttack
7,145,10.109,onAttack
7,146,10.847,onAttack
7,147,11.063,onAttack
7,148,10.332,onAttack
7,149,10.321,onAttack
7,150,10.278,onAttack
7,151,10.305,onAttack
7,152,10.348,onAttack
7,153,11.017,onAttack
7,154,10.236,onAttack
7,155,10.217,onAttack
7,156,9.788,onAttack
7,157,10.127,onAttack
7,158,10.052,onAttack
7,159,10.028,onAttack
7,160,11.689,onAttack
7,161,10.411,onAttack
7,162,11.380,onAttack
7,163,10.174,onAttack
7,164,10.011,onAttack
7,165,11.018,onAttack
7,166,10.152,onAttack
7,167,11.065,onAttack
7,168,11.041,onAttack
7,169,10.056,onAttack
7,170,10.114,onAttack
7,171,11.087,onAttack
7,172,10.037,onAttack
7,173,10.193,onAttack
7,174,10.034,onAttack
7,175,10.204,onAttack
7,176,9.451,onAttack
7,177,10.259,onAttack
7,178,10.007,onAttack
7,179,10.069,onAttack
7,180,9.443,onAttack
7,181,16.787,onAttack
7,182,10.030,onAttack
7,183,9.854,onAttack
7,184,10.120,onAttack
7,185,10.864,onAttack
7,186,10.213,onAttack
7,187,10.825,onAttack
7,188,10.411,onAttack
7,189,10.174,onAttack
7,190,9.921,onAttack
7,191,14.058,onAttack
7,192,10.227,onAttack
7,193,10.174,onAttack
7,194,10.257,onAttack
7,195,14.104,onAttack
7,196,10.065,onAttack
7,197,10.801,onAttack
7,198,18.239,onAttack
7,199,10.242,onAttack
7,200,10.188,onAttack
8,101,11.841,onAttack
8,102,12.338,onAttack
8,103,18.822,onAttack
8,104,13.061,onAttack
8,105,11.194,onAttack
8,106,12.121,onAttack
8,107,11.908,onAttack
8,108,11.358,onAttack
8,109,12.157,onAttack
8,110,12.832,onAttack
8,111,12.130,onAttack
8,112,12.004,onAttack
8,113,11.510,onAttack
8,114,11.327,onAttack
8,115,11.867,onAttack
8,116,11.879,onAttack
8,117,12.037,onAttack
8,118,11.472,onAttack
8,119,11.333,onAttack
8,120,12.757,onAttack
8,121,11.350,onAttack
8,122,13.859,onAttack
8,123,12.146,onAttack
8,124,15.941,onAttack
8,125,11.316,onAttack
8,126,11.262,onAttack
8,127,12.841,onAttack
8,128,11.390,onAttack
8,129,12.982,onAttack
8,130,12.049,onAttack
8,131,11.311,onAttack
8,132,12.126,onAttack
8,133,12.307,onAttack
8,134,11.970,onAttack
8,135,11.940,onAttack
8,136,12.070,onAttack
8,137,11.958,onAttack
8,138,11.538,onAttack
8,139,12.079,onAttack
8,140,27.228,onAttack
8,141,13.204,onAttack
8,142,19.765,onAttack
8,143,11.280,onAttack
8,144,11.379,onAttack
8,145,42.883,onAttack
8,146,18.882,onAttack
8,147,12.001,onAttack
8,148,13.810,onAttack
8,149,16.167,onAttack
8,150,11.802,onAttack
8,151,11.966,onAttack
8,152,12.055,onAttack
8,153,11.338,onAttack
8,154,11.616,onAttack
8,155,14.106,onAttack
8,156,11.374,onAttack
8,157,11.291,onAttack
8,158,11.964,onAttack
8,159,11.908,onAttack
8,160,12.783,onAttack
8,161,12.032,onAttack
8,162,13.076,onAttack
8,163,11.413,onAttack
8,164,11.237,onAttack
8,165,11.372,onAttack
8,166,11.845,onAttack
8,167,11.225,onAttack
8,168,12.063,onAttack
8,169,12.256,onAttack
8,170,12.921,onAttack
8,171,11.200,onAttack
8,172,13.954,onAttack
8,173,15.710,onAttack
8,174,15.012,onAttack
8,175,11.977,onAttack
8,176,11.165,onAttack
8,177,11.330,onAttack
8,178,12.194,onAttack
8,179,11.124,onAttack
8,180,12.223,onAttack
8,181,11.330,onAttack
8,182,11.268,onAttack
8,183,11.776,onAttack
8,184,11.956,onAttack
8,185,12.037,onAttack
8,186,11.308,onAttack
8,187,11.778,onAttack
8,188,11.282,onAttack
8,189,11.655,onAttack
8,190,11.171,onAttack
8,191,12.906,onAttack
8,192,15.028,onAttack
8,193,11.745,onAttack
8,194,12.114,onAttack
8,195,12.128,onAttack
8,196,12.293,onAttack
8,197,21.429,onAttack
8,198,11.948,onAttack
8,199,11.278,onAttack
8,200,12.235,onAttack
